10325020 1 1 1 1 2 1 1 1 5 1 1 1 2 6 1 6 5 6 1 6 3 5 1 6 6 6 5 4 3 6 1 6 6 6 2 2
10372010 4 5 4 4 4 5 2 2 4 5 4 5 4 4 2 4 3 5 6 6 5 5 4 5 5 4 4 4 5 2 1 3 5 5 4 6
10397010 2 2 2 2 2 1 2 2 2 2 2 2 4 3 2 3 3 3 4 4 5 3 5 5 6 5 5 4 4 3 2 3 5 4 5 5
10477010 1 1 1 1 1 1 1 1 1 1 1 1 2 5 1 6 6 6 1 1 4 5 1 5 5 6 4 3 4 6 2 6 6 6 4 4
10577010 3 3 3 3 5 4 4 2 1 2 4 1 3 3 1 3 4 4 3 4 4 2 3 2 2 4 3 5 4 3 1 3 3 4 5 4
10773020 2 2 2 2 3 4 4 4 3 4 4 2 4 5 2 5 5 4 2 4 3 4 3 4 3 5 5 5 2 4 3 3 4 4 4 4
10773030 5 4 5 5 6 4 5 5 3 4 5 2 3 4 3 4 4 5 5 5 4 4 3 4 3 5 4 5 2 4 2 3 4 4 4 4
10962010 6 3 4 1 3 1 4 4 3 1 3 3 1 6 1 6 6 6 5 3 1 6 1 6 6 6 3 1 6 5 1 6 6 6 5 2
11377010 5 5 5 4 2 5 5 5 4 4 4 4 5 5 3 5 5 5 4 3 4 4 1 5 5 5 3 4 5 5 5 4 4 4 5 4
11377040 4 4 4 1 3 3 4 3 3 3 3 1 5 3 6 4 3 4 5 5 4 5 1 2 1 3 3 6 4 3 1 4 3 4 4 4
11611010 1 1 1 1 2 1 1 1 2 1 2 1 1 5 1 5 5 5 2 2 2 4 2 5 4 4 3 2 1 5 1 6 5 5 2 4
11690010 5 3 3 3 1 1 1 1 5 2 3 3 3 6 3 6 6 6 4 5 1 6 1 4 4 6 2 3 4 5 3 5 5 6 3 6
11787010 4 1 1 1 1 1 2 2 1 1 1 1 3 1 4 6 6 6 1 3 3 1 1 5 6 6 1 1 1 6 1 6 6 6 1 2
11983040 1 1 1 1 1 1 1 1 1 1 1 1 1 6 1 5 4 5 1 1 1 6 1 6 5 6 2 1 2 5 1 6 6 6 2 2
12009010 2 1 3 1 2 1 3 2 4 2 2 2 4 3 1 3 5 6 3 2 4 3 1 3 4 6 2 5 4 2 2 3 3 4 2 3
12033011 3 4 3 3 1 1 1 1 1 1 3 1 3 5 1 4 6 6 3 2 1 6 1 5 5 6 4 1 2 4 1 5 4 5 3 2
12161010 2 1 2 1 1 1 1 1 3 3 3 3 3 4 1 5 5 6 4 4 3 5 1 5 5 6 5 3 4 4 4 5 5 5 4 4
12218010 3 2 2 1 6 3 3 4 5 6 4 5 5 4 4 5 3 4 4 5 4 5 2 5 3 4 4 5 6 1 5 2 2 2 6 6
12218020 4 4 4 4 4 3 3 3 4 5 5 4 5 3 4 2 5 5 3 3 4 2 4 6 5 4 4 4 6 2 5 1 2 2 5 6
12243030 1 1 1 1 1 1 1 1 1 4 1 1 4 3 4 6 5 5 3 6 3 4 3 6 5 5 2 6 1 3 4 6 6 6 5 3
12276030 3 2 3 1 1 1 1 1 1 2 2 1 1 6 1 6 6 6 1 5 1 1 1 1 1 1 2 1 1 1 1 1 1 1 1 1
12280020 1 1 1 1 1 1 1 1 1 1 1 1 1 6 1 6 5 5 2 2 1 6 1 6 6 6 2 1 1 5 1 5 5 5 2 2
12280030 1 1 1 1 1 1 1 1 2 1 1 1 4 3 1 6 5 6 4 3 6 3 1 3 3 6 5 2 5 3 4 5 3 3 6 4
12285010 2 2 4 2 5 3 5 5 4 3 4 3 5 6 1 3 4 5 2 5 5 5 1 3 4 5 4 4 4 5 4 2 4 5 4 5
12318010 1 1 1 1 1 1 1 1 1 1 1 1 4 4 1 1 6 6 1 3 5 5 1 6 5 5 5 4 2 2 1 3 6 6 5 4
12481010 3 3 3 4 1 1 1 1 5 1 4 4 6 6 1 5 4 6 6 5 4 6 5 5 4 6 5 5 3 6 2 5 5 5 5 5
12756010 2 1 1 1 1 1 1 1 1 1 1 1 2 5 1 5 6 5 2 2 2 4 1 6 6 6 4 2 5 5 2 5 5 5 4 4
12852030 1 1 1 1 1 1 1 1 1 1 1 1 1 5 1 4 3 4 2 4 1 5 1 4 5 5 1 3 1 5 1 5 5 5 1 2
13062010 3 1 2 1 4 4 5 4 3 2 1 4 2 1 4 4 5 2 2 3 2 5 2 3 5 5 5 6 4 4 1 5 5 6 5 5
13344010 3 3 2 1 2 2 1 1 2 2 2 2 5 4 3 5 5 5 4 5 4 3 3 4 5 5 5 4 5 3 4 5 5 5 4 3
13802020 2 2 3 3 2 2 2 2 3 3 3 3 4 4 4 4 4 5 4 4 2 3 3 3 3 3 4 4 4 4 4 4 4 4 5 5
13813010 1 1 1 1 3 1 1 1 1 1 1 1 1 4 1 3 3 4 4 4 4 5 3 2 2 5 4 3 4 4 4 4 2 5 5 5
13814010 2 1 2 1 2 1 1 1 1 2 2 1 3 6 1 5 5 6 2 1 4 5 1 5 4 6 2 2 3 6 1 3 3 6 5 2
13814040 3 4 5 4 3 1 1 1 2 1 5 1 6 3 3 1 3 4 4 6 4 2 2 1 5 2 5 6 4 2 2 1 1 4 2 4
13817010 2 1 2 1 1 1 1 1 1 2 1 1 2 2 1 5 6 5 2 5 2 6 1 6 5 5 2 5 4 4 3 5 5 4 4 5
13817011 2 2 2 1 4 1 1 1 6 1 6 6 5 4 1 5 3 1 5 6 4 6 3 4 3 3 4 5 4 4 4 4 5 4 5 5
13912010 4 2 3 2 2 1 2 2 3 3 3 3 5 3 3 6 3 3 5 6 4 3 4 5 4 3 4 6 4 2 5 2 4 2 6 6
14149020 4 3 4 3 5 3 4 5 4 4 5 3 5 4 5 3 2 3 4 3 5 2 2 1 2 4 4 4 1 1 4 2 2 1 2 5
14149030 1 1 1 1 1 1 1 1 1 1 2 1 1 2 1 6 5 5 2 5 1 6 1 3 3 4 4 4 2 5 1 5 5 5 4 3
14167010 2 1 3 2 1 1 3 1 2 1 3 1 4 3 1 5 3 5 2 2 3 4 1 2 4 4 3 4 2 3 3 4 4 5 4 4
14167040 1 1 1 1 1 1 1 1 1 1 1 1 2 6 1 6 5 5 2 3 4 6 1 6 6 6 5 1 1 1 1 6 5 6 1 2
14234010 4 3 2 1 3 1 3 2 3 2 2 3 5 2 4 5 4 5 5 4 4 2 5 5 3 4 4 5 4 2 4 2 2 5 5 5
14252010 3 2 4 3 4 3 4 3 3 1 2 1 3 5 1 5 6 6 2 3 2 3 1 5 3 6 1 3 2 3 2 3 4 4 2 4
14427040 3 3 4 4 6 5 5 5 5 5 6 6 5 2 5 2 2 1 5 5 5 2 4 2 1 2 6 6 5 2 5 1 2 1 6 6
14458030 1 1 1 1 1 1 1 1 1 1 1 1 1 6 1 5 6 6 1 2 1 6 1 5 5 5 1 2 1 6 1 6 5 6 1 4
14458031 2 1 2 2 2 1 1 1 2 3 2 2 2 6 1 5 4 4 2 4 4 5 2 5 5 5 2 4 4 5 1 4 3 2 2 6
14726040 1 1 1 1 1 1 1 1 1 1 1 1 4 3 1 6 5 6 1 2 2 4 1 6 6 6 1 2 2 3 1 5 5 5 2 4
14844010 1 1 1 1 1 1 1 1 2 1 1 1 4 3 1 6 5 6 1 1 2 6 1 6 6 6 1 1 4 5 1 5 5 5 4 4
14852020 1 1 2 1 1 1 2 1 2 1 1 1 4 3 4 2 4 5 6 3 5 2 1 3 5 5 1 3 1 2 1 2 4 6 1 2
15294010 2 4 4 1 3 3 3 3 5 4 4 4 5 2 5 2 4 4 3 4 5 2 4 1 4 2 4 5 5 2 5 2 3 2 5 5
15339010 2 1 3 1 2 1 2 3 2 1 1 1 4 5 2 2 4 5 2 5 4 5 1 3 3 4 3 5 5 1 1 2 2 1 6 6
15429010 2 2 2 2 3 3 3 3 1 1 1 1 4 4 2 2 2 2 4 4 2 1 3 2 2 2 2 2 4 4 4 4 4 4 4 4
15436020 3 2 2 2 2 6 3 1 1 1 2 1 4 4 1 3 4 4 3 4 4 2 4 3 5 5 6 6 3 2 2 1 5 5 5 4
15543010 2 2 2 2 6 1 1 1 1 2 1 2 1 5 1 5 5 6 2 1 1 6 1 5 5 6 1 1 3 6 1 5 4 6 4 4
15570040 1 1 1 1 2 1 2 1 1 1 1 1 1 5 1 3 4 5 2 3 1 3 1 4 5 4 3 3 1 4 2 4 6 5 6 5
15591010 2 1 1 2 5 2 2 2 3 4 2 1 5 1 5 1 2 2 5 5 2 1 5 1 1 2 5 5 4 1 5 2 2 2 6 4
15698010 1 1 2 1 1 1 1 1 2 1 1 2 1 5 1 5 5 5 2 4 2 5 1 6 5 5 1 1 2 5 1 5 6 5 5 1
15893010 1 1 1 1 1 1 1 1 1 1 1 1 4 6 1 6 6 6 1 1 1 6 1 6 6 6 1 1 2 6 1 6 6 6 5 5
15893020 1 1 1 1 1 1 1 1 2 1 1 1 3 5 1 5 5 5 2 2 1 6 2 4 5 5 5 2 2 4 2 5 4 5 5 2
16119020 3 6 3 2 2 3 2 1 2 2 3 2 4 2 3 1 3 2 4 5 3 2 3 1 4 5 3 5 5 1 3 1 3 4 2 4
16415010 1 1 1 1 2 1 1 1 4 5 1 1 1 1 1 6 3 3 2 3 6 5 1 5 3 4 1 6 5 1 5 4 2 1 5 6
16454020 1 1 1 1 4 2 4 5 5 1 1 1 3 2 1 5 5 5 4 6 2 1 3 3 4 4 6 6 3 4 4 3 2 2 3 4
16659010 2 1 2 1 4 1 1 6 2 1 2 3 4 5 2 5 6 6 4 5 4 3 1 6 6 6 5 1 3 2 2 5 6 6 4 4
16659040 2 4 2 2 5 5 4 3 4 2 3 1 6 2 4 5 3 2 4 4 5 1 4 1 3 2 6 6 4 4 2 2 3 3 4 4
16706010 2 1 1 1 2 1 1 1 1 3 2 1 3 3 2 5 5 5 3 2 3 4 2 5 4 5 4 2 4 5 3 5 6 6 5 5
16706020 2 2 2 2 5 3 4 2 2 5 4 2 4 4 2 5 5 5 2 2 4 4 3 4 4 5 4 4 4 5 2 5 4 5 2 4
16789010 4 2 1 2 1 1 1 1 1 1 1 1 1 5 1 6 5 6 5 2 4 3 1 2 5 5 5 5 1 2 1 2 2 5 4 4
16822020 1 1 1 1 1 1 1 1 1 1 1 1 3 1 6 6 1 1 6 6 1 6 1 6 1 1 1 2 1 2 1 6 1 6 6 4
16904010 2 2 2 2 2 1 2 1 1 2 2 1 2 4 2 5 5 5 2 2 2 4 2 5 5 5 2 2 3 5 1 5 5 5 2 2
16904011 2 1 2 2 1 1 2 1 2 1 1 1 1 5 1 6 5 5 2 2 3 4 2 5 5 6 2 1 3 4 2 5 5 6 5 4
16925010 6 1 1 1 5 1 1 1 6 1 1 1 2 3 1 5 5 5 4 4 4 4 3 4 4 5 4 5 4 2 2 3 3 4 4 4
16925040 4 3 1 1 6 6 1 6 3 5 1 1 2 3 2 5 6 6 2 3 4 2 2 3 3 6 5 5 2 3 3 3 3 6 4 4
16959011 1 1 1 1 6 6 6 6 1 1 1 1 6 3 1 1 6 6 1 1 1 2 1 3 6 6 1 4 4 1 1 5 5 5 1 1
17050030 2 2 1 1 5 3 1 2 2 4 3 2 5 2 5 6 2 4 5 6 6 5 6 6 2 2 5 5 3 2 4 6 5 2 5 5
17107010 4 4 4 3 3 2 3 2 1 4 1 1 4 1 3 4 5 5 5 4 4 4 2 3 4 6 4 4 5 2 4 5 6 5 5 5
17136010 5 2 2 2 1 1 3 1 3 4 2 2 2 3 2 4 5 5 5 4 4 4 1 4 6 6 6 4 1 6 1 6 6 6 6 6
17241011 1 1 1 1 1 1 1 1 1 2 2 2 1 5 1 6 6 6 2 6 5 2 1 3 6 5 5 4 5 4 1 5 5 4 5 6
17279010 2 2 3 2 2 2 3 2 4 2 3 2 3 5 1 4 3 4 2 3 4 4 2 5 2 5 2 4 2 5 1 2 4 5 2 2
17356010 1 1 2 1 1 1 1 1 1 2 2 1 1 6 1 5 5 6 1 1 3 2 1 5 4 6 2 2 1 2 1 1 1 1 1 1
17363010 2 1 2 1 4 4 4 3 3 3 4 3 5 3 2 4 3 4 3 5 5 5 3 4 2 2 5 5 4 3 3 4 3 3 2 3
17371010 6 5 5 2 5 3 5 2 6 4 6 5 5 6 6 1 1 1 6 6 4 3 6 1 1 1 6 6 5 5 6 1 1 1 6 6
17383010 4 3 3 3 4 2 3 4 5 5 5 5 5 2 4 4 4 3 4 4 3 5 5 4 4 5 6 6 5 1 1 6 4 1 6 6
17383012 2 1 3 1 2 1 1 1 6 1 1 1 2 2 1 6 6 5 4 4 1 2 1 5 6 4 4 2 4 2 1 6 6 6 5 5
17388010 4 3 3 3 5 5 5 5 4 3 4 4 4 5 3 6 4 4 4 4 4 6 3 2 3 5 4 5 5 2 4 2 3 2 5 6
17491020 2 2 2 2 1 1 1 1 1 2 2 1 3 3 4 4 3 3 4 4 5 1 6 1 1 1 6 6 5 2 2 1 1 1 6 6
17674030 6 2 1 1 1 1 1 1 1 3 1 1 1 5 1 5 6 6 1 1 1 6 1 6 5 6 1 2 1 6 1 5 5 6 1 1
17715010 3 3 3 3 3 3 3 3 3 3 3 2 4 4 4 3 3 3 4 4 4 5 2 3 4 5 4 4 4 4 4 3 4 4 4 4
17715020 1 1 1 1 3 2 1 1 4 3 3 1 2 2 1 1 6 6 4 4 4 6 2 3 3 4 4 3 3 3 4 2 3 3 4 4
17978010 2 3 3 3 2 1 3 2 4 3 3 2 2 4 1 5 5 5 4 4 4 3 1 4 5 5 4 5 3 3 2 5 4 2 3 4
17978020 6 6 2 2 2 1 2 1 6 1 1 1 2 5 2 5 5 5 1 2 3 2 1 5 5 5 2 5 1 6 1 6 6 6 1 2
18075010 2 1 2 1 2 1 1 1 1 1 1 1 2 3 2 3 4 5 4 3 3 2 4 3 4 4 4 2 4 3 3 4 4 5 4 4
18075040 1 1 2 1 4 1 3 1 1 1 2 1 2 5 2 4 4 4 4 4 4 3 2 4 4 4 2 6 5 5 5 2 5 5 6 6
18097010 2 2 2 2 6 5 1 1 6 1 2 2 5 5 5 4 1 2 4 6 4 6 5 6 6 6 1 2 1 6 1 6 6 6 6 5
18210010 4 6 2 2 5 1 6 4 2 4 6 1 6 3 2 2 2 6 2 3 6 4 2 1 6 6 5 6 6 5 6 5 3 6 6 5
18229010 2 4 1 1 1 1 1 1 1 1 1 2 6 5 1 5 6 6 3 2 3 5 6 6 6 6 5 2 4 3 1 5 6 6 2 2
18259010 5 5 6 6 6 6 6 6 6 6 6 6 6 2 6 1 5 5 6 6 6 5 6 1 2 6 6 6 6 4 6 6 1 6 6 6
18264010 2 1 2 4 3 3 5 2 3 2 2 1 3 6 5 2 4 5 5 5 6 3 5 2 3 2 2 3 6 2 6 5 2 4 6 6
18276010 6 6 6 6 6 2 2 2 5 5 5 5 5 5 5 5 5 5 6 6 2 5 2 2 6 5 2 2 5 6 5 5 5 6 5 6
18276020 4 5 4 3 5 5 3 2 6 5 5 5 6 5 5 2 5 4 4 3 5 5 4 2 5 5 5 4 5 5 4 2 4 5 4 4
18304020 6 6 6 5 6 4 6 1 6 1 1 1 6 1 5 1 2 5 6 6 6 5 6 1 1 2 6 6 6 5 4 1 6 6 6 6
18483010 3 2 3 3 2 1 4 1 3 3 3 3 4 4 3 4 3 3 4 4 3 5 5 2 4 4 4 4 4 3 3 2 3 2 4 4
18525030 1 1 2 1 2 1 2 1 2 2 2 1 3 4 2 5 4 5 2 2 2 3 1 5 5 5 4 2 5 2 5 1 1 1 6 6
18679010 3 2 3 2 4 2 2 3 3 3 4 2 3 5 1 5 3 5 1 4 4 4 1 3 3 6 4 5 2 5 1 3 4 4 3 4
18742040 3 2 1 1 2 1 2 1 2 1 3 2 4 5 1 6 3 6 4 5 3 4 1 6 5 6 4 5 1 6 1 5 6 6 4 3
18759010 1 1 1 1 1 1 1 1 1 1 1 1 1 1 1 5 4 6 1 1 1 5 1 5 5 6 2 1 1 4 1 4 4 6 4 3
18774020 3 1 1 1 2 2 1 3 1 1 1 1 2 2 2 3 4 4 3 5 5 5 3 5 5 5 4 4 4 4 3 4 3 4 2 4
18918040 2 2 1 1 3 3 3 3 3 2 2 2 1 4 1 4 6 6 1 1 1 6 1 6 6 6 1 1 2 5 1 5 5 5 5 2
18918041 1 1 1 1 1 1 1 1 6 1 1 1 1 6 1 6 6 6 1 1 1 5 1 5 6 6 1 1 1 5 1 1 6 6 3 3
18964030 4 6 6 5 3 4 4 3 6 3 3 3 5 6 5 1 1 5 6 6 4 4 4 1 2 3 5 5 5 3 3 1 1 1 6 6
18990010 2 2 1 1 1 1 2 1 2 1 1 1 4 4 2 4 3 5 4 3 5 5 2 5 5 6 4 3 5 5 1 5 5 6 5 4
18990040 2 2 4 2 1 1 1 1 1 1 1 1 1 6 1 2 5 6 2 2 1 2 1 4 6 6 2 1 2 2 2 6 6 6 6 4
19052040 2 1 1 1 1 1 1 1 1 1 1 1 2 5 2 5 5 5 2 2 5 4 5 3 5 6 4 4 4 2 5 1 5 3 5 4
19053010 1 5 6 1 5 5 5 1 2 1 1 1 1 5 1 6 6 6 1 1 1 6 1 6 5 6 3 3 4 1 6 6 6 6 4 2
19338010 1 1 1 1 6 1 1 1 1 1 1 1 2 1 1 1 4 6 5 4 1 6 1 6 6 6 1 1 1 6 1 6 6 6 6 1
19338020 5 1 1 1 5 4 5 6 1 2 3 1 1 3 1 6 5 5 5 3 1 6 4 6 6 6 6 1 1 1 4 6 6 5 5 5
19403010 3 6 5 2 4 4 4 3 5 5 3 3 4 4 2 2 5 5 5 5 5 1 2 3 3 4 5 5 4 3 5 3 3 3 5 5
19425020 2 1 2 1 6 1 1 1 1 3 1 1 3 6 1 5 3 5 1 3 1 5 1 6 6 6 2 2 4 5 1 6 5 6 2 3
19425021 1 1 2 2 1 1 1 1 6 1 1 1 2 5 2 5 5 5 2 3 2 6 1 6 5 6 2 1 2 6 1 6 5 6 2 3
19496010 5 5 5 5 4 4 5 4 5 5 4 4 5 5 5 4 5 5 4 4 2 4 4 4 5 5 5 5 4 5 5 4 5 5 4 5
19535030 2 1 2 1 5 3 4 3 2 1 2 2 4 4 1 4 4 5 4 5 2 3 2 2 3 3 2 4 4 4 2 4 4 4 3 5
19626020 4 4 6 6 5 4 4 4 4 5 5 5 4 4 4 1 4 5 5 4 1 1 1 3 2 4 4 4 5 5 5 4 4 4 5 5
19629030 2 2 3 1 3 3 3 3 2 1 1 1 4 4 1 5 4 6 1 1 4 6 1 5 5 6 1 1 5 3 4 3 4 4 4 4
19877010 5 2 2 3 3 2 3 5 4 2 4 4 5 1 4 2 4 2 6 6 5 4 6 2 4 2 6 6 5 2 6 1 6 4 6 6
20079020 2 1 2 1 5 1 5 1 6 1 5 2 3 5 1 5 5 6 2 6 5 5 1 2 6 6 5 5 5 5 5 4 6 6 5 6
20161020 1 1 1 1 1 1 2 1 1 1 1 1 1 6 1 5 5 6 1 2 3 5 1 1 5 6 3 3 3 4 2 1 4 6 4 4
20162020 1 1 1 1 1 1 1 1 1 1 1 1 4 5 1 5 5 5 3 5 2 5 1 6 5 5 5 5 4 4 2 4 4 5 4 5
20256040 1 1 2 1 1 1 2 1 1 1 1 1 2 5 1 4 4 5 2 4 2 5 1 4 4 5 3 4 2 2 1 5 6 5 5 4
20259010 2 1 2 1 2 1 2 1 1 2 2 1 3 4 1 4 5 5 4 4 2 3 1 6 5 5 4 4 4 2 2 4 5 5 4 4
20369020 2 1 1 1 1 1 1 1 1 1 1 1 2 6 1 2 5 6 2 5 2 6 1 5 5 5 2 4 2 5 1 5 5 6 2 2
20383010 1 1 1 1 5 1 1 1 6 1 1 1 2 6 1 6 6 6 2 5 1 5 5 5 5 6 5 5 3 1 5 5 5 5 5 5
20383040 2 6 1 1 1 3 4 1 1 2 1 1 2 6 6 5 6 6 5 5 4 6 1 6 6 6 1 2 4 4 1 1 1 1 1 2
20559020 4 4 5 2 4 4 4 4 3 3 3 3 6 2 4 2 2 2 6 6 4 4 4 4 4 4 5 6 6 2 4 4 6 5 6 6
20559030 1 1 1 1 1 1 1 1 1 1 2 1 5 3 2 1 3 3 5 5 5 2 3 2 3 2 5 5 4 3 2 5 3 3 5 5
20560020 6 4 6 6 5 1 4 2 1 1 2 1 5 1 4 3 3 3 2 5 1 5 3 3 3 4 2 4 5 2 2 2 4 4 6 6
20634040 3 2 2 2 2 3 3 2 2 3 3 2 3 5 1 5 2 4 3 3 4 5 1 3 3 4 2 4 4 5 1 3 3 4 3 4
20692020 2 1 1 1 4 1 1 1 5 4 4 4 2 5 4 6 5 5 5 5 5 5 5 5 5 5 4 4 5 2 5 1 1 3 6 6
20777040 3 3 3 3 3 2 2 3 2 2 2 3 3 4 1 5 3 4 3 3 4 4 3 3 2 4 4 3 4 4 4 3 3 3 4 3
20806010 2 1 2 2 1 1 1 1 2 1 2 1 1 4 1 6 6 5 5 5 3 4 2 5 5 5 4 4 4 3 2 5 5 5 3 3
20862010 3 3 1 1 3 2 2 1 3 3 2 2 4 2 3 5 3 5 3 4 4 3 4 4 4 5 4 6 4 3 5 3 4 2 4 6
20876010 1 1 1 1 5 2 2 2 1 1 2 1 4 2 4 1 4 4 5 5 2 6 5 6 5 3 6 6 5 1 5 2 2 2 5 5
20887010 1 2 1 1 1 1 1 1 1 1 1 1 1 1 1 6 6 6 1 1 1 1 1 6 6 6 1 1 1 6 1 6 6 6 1 1
21003020 1 1 1 1 2 1 1 1 4 1 1 1 2 5 2 5 5 5 5 4 4 4 3 6 6 6 5 3 3 2 3 2 6 6 4 2
21012030 4 1 2 2 2 1 2 1 4 2 4 3 2 2 4 2 3 5 3 4 4 2 4 3 4 4 5 4 4 2 4 3 4 5 4 6
21058010 2 2 3 2 4 4 5 5 4 4 3 4 6 5 4 1 6 6 4 4 5 6 2 3 6 5 6 6 3 2 1 3 3 1 1 4
21058020 2 2 2 1 1 2 1 1 2 2 2 2 2 6 2 3 6 6 2 2 6 5 5 4 6 6 6 5 6 5 6 4 4 6 6 6
21163010 1 1 1 1 2 3 2 3 3 1 1 1 4 6 1 6 6 6 4 3 2 6 1 5 5 4 5 6 4 6 1 5 6 5 5 4
21169010 4 4 4 4 4 2 2 2 4 3 3 3 4 4 1 4 4 4 3 4 1 4 1 4 4 4 3 3 2 6 1 4 4 4 4 4
21329010 3 4 3 4 4 3 4 3 4 2 4 2 5 3 4 4 2 2 6 5 5 2 5 2 3 3 5 5 4 4 2 5 3 3 5 5
21349020 1 1 1 1 2 1 2 2 3 1 1 6 4 5 4 5 4 6 3 3 4 3 2 5 5 6 3 1 5 6 5 3 5 4 5 5
21350010 1 1 1 1 1 1 1 1 1 1 1 1 2 5 2 5 6 5 2 2 2 5 1 6 5 6 2 2 2 5 1 6 6 6 1 1
21350040 1 1 1 1 6 1 1 1 1 1 1 1 5 4 2 5 5 5 2 5 4 2 1 5 6 5 2 5 2 2 1 6 6 3 3 2
21359020 2 1 3 1 2 3 2 1 1 1 1 1 4 3 5 4 3 5 4 5 4 3 5 3 3 4 4 6 4 5 3 6 4 5 5 5
21423020 4 4 4 2 4 6 5 5 3 1 4 4 4 5 1 2 3 6 4 4 5 4 1 4 5 5 4 6 4 3 2 4 4 5 4 4
21578011 2 1 2 1 2 1 2 2 2 2 2 2 4 3 2 5 4 5 3 5 4 4 3 3 4 5 3 4 4 3 2 4 4 5 3 4
21582020 3 4 3 3 3 2 4 4 6 2 4 4 3 3 3 1 3 4 3 3 1 1 1 3 3 1 3 3 3 4 1 3 3 5 3 4
21671020 1 1 1 1 1 1 1 1 2 2 2 2 6 1 1 2 2 4 4 6 1 5 1 5 5 5 4 1 1 6 1 6 6 6 1 1
21675020 4 1 3 1 3 3 2 2 6 4 4 3 4 3 4 3 4 4 4 5 4 3 4 4 3 3 5 3 3 2 4 1 2 2 4 4
21922030 2 3 2 2 1 1 2 1 3 3 3 3 2 5 1 5 5 5 1 2 1 5 1 5 5 5 2 2 4 4 3 4 4 3 4 5
21997040 3 2 3 2 2 3 2 2 3 2 2 2 5 3 4 2 5 2 3 4 5 3 2 5 4 4 2 4 4 2 4 5 5 3 2 5
22052010 1 1 1 1 6 1 1 1 1 1 1 1 1 2 1 3 5 5 3 3 4 4 2 4 4 4 5 5 1 6 1 6 6 6 1 1
22052011 2 1 5 1 3 1 3 1 4 4 2 1 1 2 1 1 1 1 1 2 2 2 1 5 5 5 5 5 5 3 3 5 5 5 5 3
22060010 4 4 3 3 5 3 5 4 5 5 3 1 4 6 1 5 6 5 1 5 2 6 2 5 5 3 1 6 1 6 1 6 6 6 1 2
22067010 3 3 6 3 4 3 4 4 3 4 4 4 5 4 4 2 2 2 3 5 4 3 3 3 2 2 4 5 3 5 2 3 5 5 3 5
22113040 1 1 2 1 2 2 2 2 1 2 1 1 2 4 1 4 3 4 2 2 1 5 1 5 5 6 1 2 1 6 1 5 5 6 1 1
22168010 2 1 1 1 1 1 2 1 1 1 2 2 1 5 1 6 1 6 1 1 2 3 1 6 1 5 4 2 1 5 2 6 1 6 6 5
22168020 6 6 6 2 6 5 5 5 6 6 6 6 5 5 5 5 2 1 6 6 5 1 5 4 1 1 6 6 5 2 6 1 1 1 6 6
22245010 1 1 4 1 1 1 1 1 1 1 1 1 5 3 1 6 6 6 5 4 3 3 1 5 5 5 5 4 3 3 1 3 4 4 2 5
22370010 1 1 1 1 1 1 1 1 1 1 1 1 2 5 1 6 6 6 3 4 4 3 3 5 5 5 3 4 4 2 4 5 4 4 4 5
22370020 1 2 1 1 3 1 2 2 5 3 5 5 2 2 1 5 5 5 4 4 5 1 2 6 6 5 5 5 6 1 5 5 5 5 6 6
22572010 2 2 2 1 1 1 2 1 1 2 1 1 5 3 2 2 4 4 4 4 2 5 1 5 5 5 1 2 2 2 2 5 5 5 2 3
22726010 2 1 3 3 2 1 2 1 1 3 3 2 4 2 1 2 4 2 4 5 4 2 1 4 5 4 5 6 5 3 3 2 4 4 4 5
22825030 3 2 3 3 3 3 3 3 2 2 2 2 3 2 2 3 4 4 4 4 2 3 3 5 4 4 4 2 4 3 1 2 2 4 5 5
22825031 2 1 2 1 2 2 3 3 5 2 4 4 1 5 1 6 5 6 1 2 2 5 2 5 3 4 4 3 5 4 4 2 2 2 4 4
23105020 1 1 2 1 3 1 1 1 6 6 4 1 1 3 1 6 4 6 6 6 1 3 1 2 1 1 1 2 1 1 5 1 6 6 6 6
23107030 4 3 4 1 4 2 3 1 4 5 4 1 6 4 1 5 1 5 1 4 2 4 1 4 3 5 1 1 4 4 1 4 3 4 1 5
23366010 2 3 2 2 2 1 1 1 4 4 3 3 2 2 2 4 4 5 5 4 4 3 3 3 4 5 4 5 5 5 5 5 5 5 4 4
23366020 5 3 2 1 6 1 1 1 1 1 1 1 1 2 4 1 1 1 6 6 5 6 2 6 6 3 5 5 5 5 5 6 6 5 5 5
23401040 1 3 3 3 3 1 3 2 2 4 4 3 4 3 3 4 4 4 3 3 3 4 3 4 5 5 4 4 4 6 3 4 3 4 3 3
23425010 2 1 3 1 3 2 2 2 3 1 4 4 2 5 2 2 4 5 3 4 4 2 6 2 5 5 6 4 2 6 4 5 6 6 4 2
23677010 3 3 4 3 2 2 4 2 3 4 4 3 3 3 1 6 4 4 4 3 3 4 1 6 4 3 4 3 5 5 1 6 5 3 5 4
23677011 1 1 1 1 1 1 1 1 1 3 2 1 1 4 2 4 4 5 5 3 2 3 1 5 4 5 2 4 3 4 2 3 3 5 5 4
23756040 1 1 1 1 1 1 1 1 1 1 1 1 2 2 1 6 4 5 3 4 3 2 2 5 2 2 3 2 2 2 1 3 6 6 5 2
23831040 6 5 5 5 5 1 1 1 4 1 1 1 6 1 6 1 6 1 6 6 6 1 6 5 5 1 6 6 1 2 1 2 3 2 3 3
24055040 1 1 2 1 1 1 1 1 1 2 1 1 4 5 1 3 2 5 2 2 4 2 2 2 3 5 2 1 2 5 1 4 4 4 4 4
24058011 1 1 1 1 1 1 1 1 2 1 1 1 3 5 2 5 4 6 3 4 1 4 2 4 2 5 4 4 3 4 2 6 5 6 5 3
24109010 2 1 2 2 1 2 2 1 1 3 1 1 2 5 2 5 5 6 6 2 2 5 1 5 5 4 5 2 2 5 2 3 5 5 5 5
24109040 2 1 1 1 2 1 1 1 1 1 2 1 4 5 2 2 5 5 5 5 4 3 4 1 5 4 4 6 4 2 3 2 1 4 4 4
24187020 4 3 3 3 4 3 4 3 2 4 4 4 5 3 4 3 4 3 4 4 5 1 4 2 2 2 5 4 5 1 4 5 1 2 3 5
24231020 4 3 4 3 5 2 3 2 2 1 2 3 3 3 4 3 3 2 4 5 3 5 3 2 4 2 4 5 5 4 5 2 3 3 6 6
24274010 2 2 2 1 4 2 4 1 3 4 4 3 4 3 1 4 3 4 4 4 4 3 5 3 5 5 5 6 4 4 4 3 4 4 6 5
24280030 5 1 4 1 2 1 5 1 1 1 1 1 4 3 4 5 5 2 6 6 4 3 1 5 3 3 4 4 3 3 2 5 4 5 2 5
24366010 2 1 2 2 5 2 3 2 2 5 2 2 5 6 1 5 5 6 5 2 5 5 2 5 6 6 5 6 5 3 5 3 4 5 2 1
24539010 1 1 1 1 2 3 2 2 1 4 2 2 5 2 3 4 3 4 3 4 6 1 4 3 2 2 6 6 6 2 4 2 3 1 6 6
24697020 1 1 1 1 2 1 1 1 3 2 2 2 5 4 1 3 4 4 3 6 4 5 1 1 4 4 5 5 5 5 4 1 1 2 6 6
25029010 2 1 1 1 1 1 1 1 3 1 1 1 4 3 4 2 2 4 4 5 4 6 2 5 6 6 4 5 4 5 4 5 5 6 2 4
25029040 4 4 4 4 1 1 1 1 1 1 1 1 6 2 4 1 1 2 3 6 1 5 1 6 5 5 1 1 3 6 1 6 6 6 1 1
25043010 2 2 2 2 1 1 2 1 1 1 1 1 3 4 1 5 5 5 2 2 1 6 1 5 6 6 5 2 1 1 1 1 1 1 6 4
25043040 5 5 5 6 2 2 2 2 1 5 1 1 6 6 6 5 4 2 6 5 5 5 4 3 3 3 4 4 5 3 5 2 3 3 5 5
25102040 2 2 1 1 2 2 2 5 4 4 4 4 3 3 1 1 1 1 1 2 6 1 2 5 5 5 5 5 5 3 5 2 1 1 6 6
25344020 6 6 6 5 6 3 6 6 6 3 5 5 6 2 2 1 2 2 6 6 6 2 2 3 2 1 6 6 6 2 3 2 4 1 5 6
25575040 4 2 2 2 2 2 2 2 2 1 2 1 4 3 1 3 3 3 3 4 4 3 1 2 2 2 3 4 4 6 1 6 5 5 4 2
25581010 1 1 1 1 6 6 6 6 1 1 1 1 1 6 1 6 6 6 2 1 4 2 6 6 6 6 1 1 4 5 1 6 6 6 1 5
30113010 3 2 2 2 2 2 2 2 5 1 2 2 4 4 2 2 5 5 2 2 5 4 5 5 5 5 5 5 5 5 4 4 5 5 5 4
30423020 4 3 4 4 3 2 3 3 4 3 4 4 3 4 3 3 4 4 4 4 4 3 3 3 3 3 4 4 2 2 2 3 2 5 5 6
30580011 2 3 4 2 3 1 2 3 5 2 3 2 3 2 1 1 2 1 3 3 3 1 5 5 5 5 5 2 5 6 1 6 5 6 1 2
30644010 1 1 1 1 1 1 1 1 1 1 1 1 2 6 1 3 1 5 2 6 2 6 1 2 5 5 1 5 4 3 1 1 1 4 5 5
30652020 2 1 2 1 1 1 3 1 1 1 2 1 5 1 1 1 2 1 3 1 4 6 1 1 5 4 6 4 4 2 1 6 3 2 5 5
30769010 1 1 5 1 3 1 3 1 1 1 1 1 2 3 1 6 6 6 2 2 2 4 1 6 6 6 5 6 2 4 1 6 6 6 4 4
31135010 1 6 2 6 4 1 4 2 5 1 3 1 4 5 5 4 4 1 1 1 2 2 6 2 2 1 1 1 1 3 3 2 4 4 5 4
31208010 6 1 1 1 1 2 1 1 1 1 1 1 1 6 1 5 5 6 1 3 1 6 6 4 6 6 3 3 3 5 1 5 6 6 1 1
31326010 2 1 1 1 2 1 2 1 2 3 2 1 4 3 1 6 5 5 4 4 4 3 1 6 5 5 4 2 1 4 2 6 5 6 5 4
31552040 3 2 3 3 4 2 2 3 2 3 2 2 2 6 2 4 4 5 2 2 3 5 2 4 5 5 2 2 3 5 2 1 4 4 3 4
31605010 3 3 4 5 3 2 2 2 4 2 2 1 4 3 3 4 2 4 4 5 3 5 2 4 3 4 4 2 4 3 4 2 3 3 6 5
31770020 1 4 3 2 5 4 5 4 3 5 5 5 5 5 2 6 5 5 5 5 5 5 2 5 5 5 4 4 4 3 4 3 3 3 4 4
31770030 5 3 2 1 2 4 3 2 3 1 2 2 4 5 1 5 5 6 5 5 5 5 3 5 6 5 4 4 4 5 2 4 5 5 2 2
31918030 1 1 1 1 1 1 1 1 1 1 1 1 4 3 2 4 4 4 2 4 4 3 3 3 4 5 2 4 5 5 4 3 3 4 4 5
31923010 6 1 3 1 1 1 1 1 4 1 4 4 5 3 2 5 3 4 4 4 5 5 1 3 4 4 5 4 5 4 1 5 5 4 1 4
31923020 1 1 2 2 2 2 3 3 4 1 5 1 5 4 5 5 6 5 5 5 5 4 3 3 2 3 3 3 6 1 5 1 2 3 4 4
32053030 1 6 6 6 1 1 1 1 6 5 4 4 4 6 1 4 1 1 1 1 6 6 1 6 6 6 6 6 1 1 1 2 1 3 3 3
32361010 4 1 3 2 4 3 4 2 4 5 5 4 2 2 2 4 3 5 4 4 4 2 4 3 3 2 5 4 5 2 4 3 3 4 6 5
32480010 2 1 2 1 2 1 2 1 3 4 4 3 2 3 1 2 2 2 3 3 4 3 1 5 5 5 5 3 4 3 2 4 3 3 3 4
32480040 1 1 1 1 2 1 1 1 2 4 5 1 4 3 1 2 2 1 4 4 4 2 1 4 5 3 4 2 5 2 4 3 2 1 5 5
32634020 1 1 1 1 4 1 1 1 1 2 1 1 1 6 1 6 6 5 5 1 2 5 1 5 5 5 2 3 3 3 2 4 4 5 4 5
32634021 1 2 3 2 2 1 2 3 2 5 2 3 3 5 2 5 5 5 2 2 2 5 2 5 4 5 2 3 3 1 4 2 5 3 2 3
32687010 1 1 1 1 1 1 1 1 1 1 1 1 1 6 1 5 6 6 2 3 1 6 1 5 6 6 5 1 1 6 1 5 6 6 1 1
32742020 1 1 1 1 1 1 1 1 2 1 1 1 3 5 2 5 5 5 1 2 1 2 1 5 5 5 3 4 1 3 1 5 5 5 3 5
32852010 4 2 1 1 3 1 3 1 6 1 1 2 6 1 5 3 1 2 6 6 5 2 5 5 2 1 6 6 6 1 6 6 6 1 6 6
32979020 2 1 2 1 2 1 4 2 4 3 3 3 4 3 2 4 4 5 4 3 2 4 2 5 4 5 4 3 5 2 2 4 4 4 4 4
33030020 1 1 1 1 4 2 3 3 4 1 1 1 4 3 1 3 5 4 4 4 3 2 3 4 4 3 4 4 5 1 2 2 3 3 4 4
33230010 1 1 1 1 1 1 1 1 1 2 2 1 5 4 1 6 5 5 5 3 5 4 1 5 5 5 1 2 4 4 1 4 5 6 1 3
33276030 2 1 2 2 1 2 2 2 1 1 1 1 4 4 4 2 4 4 4 4 4 4 2 1 3 3 5 5 4 4 2 2 2 4 4 5
33288010 1 1 1 1 1 1 1 1 1 1 1 1 1 5 6 6 6 6 1 1 1 2 2 5 6 6 5 5 2 4 1 5 4 4 5 4
33302030 2 1 1 1 2 1 2 2 2 1 1 1 5 5 2 4 4 5 2 5 5 2 4 1 2 3 5 6 4 4 5 2 2 6 5 4
33316020 4 2 5 5 5 3 3 4 2 1 3 2 5 2 2 5 2 3 4 4 4 4 3 4 3 4 4 5 2 3 2 5 5 4 5 3
33320020 3 3 2 4 3 2 2 1 3 1 1 1 4 5 3 3 4 5 2 1 1 6 1 6 6 6 6 5 3 3 3 4 4 5 4 5
33404020 5 6 6 5 5 5 6 3 4 4 4 4 5 3 4 1 2 1 1 1 5 2 5 1 2 1 6 5 6 1 6 1 1 1 6 3
33518030 1 1 1 1 1 1 1 1 1 4 1 1 3 5 1 5 5 5 1 4 1 1 1 5 5 6 5 1 3 5 2 2 5 6 4 1
33527020 2 2 2 1 4 4 2 3 1 2 2 1 5 5 2 5 2 5 4 4 5 2 4 3 1 2 5 6 4 3 3 2 5 5 4 4
33527030 2 2 3 3 3 2 4 3 1 1 4 1 4 5 4 4 3 5 4 4 3 5 2 5 4 5 3 4 4 6 2 4 4 6 3 5
33542010 5 6 6 3 1 1 1 1 1 1 1 1 3 5 3 1 1 3 3 3 1 6 1 6 6 6 1 1 1 6 1 6 6 6 1 1
33562010 2 1 1 1 1 1 1 1 3 1 4 2 2 5 2 5 3 6 3 4 1 3 2 6 3 6 2 3 3 1 2 2 5 6 4 4
33583040 1 1 1 1 1 1 1 1 1 1 1 1 4 5 1 2 4 4 2 4 3 4 1 6 5 5 2 2 2 5 1 5 4 6 1 2
33604010 1 1 1 1 2 1 2 2 1 1 1 1 4 4 1 6 6 6 3 2 2 5 1 6 5 5 2 2 1 6 1 6 6 6 2 2
33833010 3 1 3 1 2 1 1 1 1 1 2 2 2 5 1 5 5 6 5 5 3 4 1 6 6 6 5 2 3 5 4 5 6 6 2 4
33867020 1 1 1 1 1 1 1 1 1 1 1 1 5 5 1 6 6 6 1 2 3 2 2 6 6 6 1 3 1 2 1 5 6 5 1 1
33941010 1 1 1 1 2 1 1 1 4 1 2 1 4 5 3 3 4 4 4 3 2 4 1 4 4 4 4 3 4 4 3 4 3 4 4 4
34050040 6 2 2 2 5 5 5 2 5 4 5 5 2 6 5 2 2 1 2 6 5 5 2 1 2 2 5 5 6 5 6 1 1 1 6 6
34135010 3 2 4 3 3 2 3 2 4 2 2 2 5 5 2 4 6 6 5 3 2 5 1 2 4 5 3 6 2 3 3 4 4 4 4 4
34350010 2 2 2 2 2 2 2 2 1 2 1 1 4 4 4 5 5 5 4 4 4 5 4 4 4 4 4 4 4 2 3 5 5 5 4 4
34350020 1 1 1 1 1 1 1 1 2 1 1 1 4 3 1 2 4 4 4 4 2 2 4 4 4 5 5 2 5 5 4 4 4 5 5 4
34497020 5 6 5 5 5 6 2 6 1 6 1 6 5 5 2 6 5 6 5 2 6 5 5 6 4 6 5 4 5 5 4 5 6 6 6 5
34624020 1 1 1 1 1 1 2 1 2 3 3 2 5 6 2 6 4 6 6 2 2 3 2 6 4 6 5 5 4 5 2 2 5 5 4 2
34624030 1 1 1 1 2 1 3 2 5 4 3 3 1 4 2 5 5 6 5 4 3 3 2 5 5 4 4 4 3 5 4 5 6 5 4 4
34678010 2 1 1 1 1 1 1 1 1 1 2 1 2 2 1 5 3 5 2 4 3 1 3 1 1 1 1 3 5 5 2 4 4 4 4 3
34756030 2 2 1 1 3 5 3 3 6 1 5 1 4 3 3 5 4 4 2 2 5 3 1 4 5 6 2 5 4 4 2 5 4 2 2 3
34756031 1 1 1 1 1 1 1 1 1 1 1 1 4 3 2 2 5 5 4 4 3 2 3 4 4 3 4 4 4 2 3 3 3 4 4 4
34823010 1 1 1 1 5 1 1 1 6 6 6 6 4 3 3 3 4 4 6 6 4 3 1 2 3 5 4 3 6 1 6 1 1 1 6 6
34836011 1 4 3 1 1 1 2 1 1 1 1 1 1 4 1 2 5 1 3 2 3 3 1 5 6 6 5 3 3 2 1 4 6 6 4 4
35167010 5 2 2 1 5 1 1 1 1 1 1 2 4 4 3 4 4 6 5 4 5 5 1 6 5 6 6 6 5 2 2 2 3 5 5 6
35169010 2 1 2 1 5 1 4 3 3 2 1 1 5 3 5 5 6 6 4 5 5 2 3 6 4 4 4 4 5 1 2 3 5 5 4 5
35505040 2 1 2 1 2 1 1 1 4 1 3 1 4 4 1 3 5 5 5 5 1 5 1 5 6 5 2 2 3 1 2 5 4 5 5 5
35507010 1 1 1 1 2 2 2 2 2 1 1 1 4 3 1 6 5 6 2 3 6 4 4 6 5 6 2 4 5 5 4 6 6 6 5 5
35607020 1 1 1 1 4 3 3 2 3 3 4 3 2 3 2 4 4 4 3 4 4 4 4 3 3 3 4 4 4 3 4 4 4 3 3 3
35607030 3 3 3 2 4 3 3 3 2 3 4 4 4 2 5 4 2 3 4 4 5 5 4 4 5 4 4 5 4 3 4 5 3 4 4 4
35685020 3 4 3 3 4 3 3 3 3 1 1 3 4 4 1 5 5 5 2 1 5 4 4 1 6 5 5 4 2 2 1 2 2 4 4 2
35786040 4 4 4 4 4 2 4 4 4 2 2 4 5 1 4 3 1 1 6 6 4 3 2 1 1 1 4 6 4 4 4 1 4 4 5 5
35813010 3 1 2 2 2 1 1 1 1 1 1 1 3 5 1 5 5 6 4 4 4 5 1 1 2 4 4 4 4 5 3 5 5 5 5 6
35849010 4 1 2 1 4 1 2 3 1 1 2 1 3 2 1 2 3 5 3 3 4 3 1 3 3 6 4 2 1 2 1 3 5 6 6 2
35849020 1 1 1 1 2 1 1 1 4 1 1 1 1 4 1 2 2 2 3 3 2 3 1 2 5 5 5 4 1 4 1 6 6 6 3 4
35892010 1 1 1 1 1 1 1 1 1 1 1 1 2 6 1 1 2 1 2 1 1 4 1 4 5 6 1 1 1 4 1 4 5 6 2 1
36068010 1 1 1 1 1 1 1 1 6 1 1 1 1 6 1 6 6 6 1 4 2 6 1 6 6 6 1 5 4 4 1 6 6 5 2 4
36179010 1 1 1 2 1 1 1 1 2 1 1 1 5 5 2 2 3 5 4 4 5 4 4 2 4 4 4 2 4 3 4 3 3 5 4 4
36179020 3 1 4 2 2 3 3 3 2 1 2 2 4 3 1 4 4 4 4 5 4 3 4 2 4 4 5 6 5 5 3 2 4 4 5 5
36413040 1 1 2 1 2 1 2 1 1 1 1 1 2 3 2 1 6 5 4 6 2 3 1 1 5 5 4 2 1 3 2 2 2 4 6 6
36676010 3 1 2 1 4 1 1 1 2 1 1 1 2 6 2 5 2 6 2 2 2 4 2 4 4 4 4 2 4 5 1 5 6 6 3 2
36734020 1 1 1 1 1 1 1 1 1 2 2 2 3 3 1 1 1 2 3 2 2 4 2 6 6 6 5 2 2 6 2 5 4 5 5 2
36770010 3 2 4 2 2 2 4 2 4 4 4 4 5 3 3 4 2 3 1 4 4 2 4 2 2 3 5 4 6 4 5 1 3 3 6 5
36770020 1 1 1 1 1 1 1 2 2 3 1 2 2 5 1 5 5 5 1 2 3 5 1 3 6 6 3 2 3 6 1 3 5 6 3 2
36822020 3 2 4 3 1 2 2 1 2 2 2 1 4 4 2 4 2 5 3 3 4 4 2 4 4 4 3 3 4 4 1 3 4 3 3 3
36868010 2 1 2 1 2 3 2 1 4 2 2 2 2 3 2 1 3 4 4 4 2 2 2 2 2 3 4 4 4 2 3 2 3 3 4 4
36868040 1 1 1 1 1 1 1 1 1 1 1 1 4 2 4 5 3 5 4 4 1 2 1 5 4 6 4 4 4 5 1 5 5 6 1 2
37184030 2 1 1 1 2 1 1 1 1 1 1 1 4 3 2 3 3 5 5 5 5 5 5 2 4 4 4 4 5 4 3 1 4 4 6 5
37203010 3 2 2 2 1 1 1 1 3 2 2 2 3 4 1 6 6 6 4 4 4 4 1 6 6 6 5 5 4 2 1 2 5 5 5 5
37359010 2 2 3 2 2 2 3 1 2 1 3 3 2 5 1 5 4 5 4 3 5 5 1 5 5 6 2 5 4 6 2 4 5 6 4 3
37359040 1 2 2 1 1 1 1 1 2 2 2 1 4 5 1 5 5 5 2 2 2 5 1 5 4 5 2 4 5 6 1 2 5 6 5 4
37382010 5 3 4 4 2 6 5 4 4 2 3 2 5 3 1 1 1 2 6 5 4 3 4 2 2 3 3 5 4 4 3 2 3 4 4 4
37417010 1 1 1 1 1 1 1 1 1 2 1 2 5 6 1 5 5 6 1 3 5 5 1 5 3 4 2 4 2 5 1 6 5 6 5 5
37515020 3 2 2 2 3 3 4 3 3 4 4 3 4 3 3 4 4 5 4 4 4 3 3 1 4 4 3 4 5 1 4 1 4 5 6 6
37546010 3 1 1 1 1 1 1 1 1 1 3 1 4 4 1 5 5 5 3 4 3 4 1 4 4 4 4 4 4 3 1 3 3 4 4 4
37594010 1 1 1 1 1 1 1 1 1 1 1 1 3 3 4 4 5 5 4 5 1 2 4 2 5 5 5 3 2 2 4 1 6 6 4 3
37761010 3 1 3 3 3 3 3 3 4 4 4 5 4 4 4 5 5 5 5 4 2 5 3 5 5 5 4 6 4 1 4 3 2 5 5 4
37761040 4 4 4 4 6 2 2 4 2 4 4 4 4 4 4 3 3 3 3 3 5 2 2 5 3 3 6 6 4 4 4 3 3 3 5 4
37842010 2 1 1 1 1 1 1 1 1 1 1 1 4 6 1 6 5 6 5 4 6 2 5 4 5 4 6 6 5 5 1 1 6 6 1 6
37942010 3 2 1 2 2 1 3 1 2 1 2 2 5 3 5 3 3 4 5 6 2 2 4 3 3 3 5 6 4 3 4 2 4 4 5 5
37942020 1 1 1 1 1 1 1 1 1 1 1 1 4 6 4 6 5 4 4 4 3 5 1 6 6 6 1 2 1 6 1 6 6 6 1 1
38308040 2 1 2 1 2 1 1 1 2 1 1 1 3 6 2 5 5 5 4 3 1 6 1 5 5 6 2 4 2 6 1 5 5 6 3 4
38520010 4 1 5 1 3 1 3 4 5 2 6 2 5 3 4 1 5 5 6 6 4 4 2 1 6 6 4 6 5 5 4 1 6 6 5 5
38520011 1 1 1 1 1 1 1 1 1 1 2 2 1 5 1 6 6 5 2 4 2 4 2 5 5 5 2 4 1 5 1 6 6 6 2 2
38524010 2 2 2 2 2 1 2 1 1 3 2 1 3 2 1 3 4 5 3 4 2 3 2 3 4 3 4 4 4 3 2 2 4 4 4 4
38548010 3 5 5 6 6 5 4 4 3 3 3 3 4 1 5 1 2 2 6 6 5 2 5 1 1 2 6 6 4 3 4 1 2 4 5 6
38548040 1 1 1 1 2 1 1 1 1 1 1 1 2 4 1 5 4 4 1 1 1 2 4 6 5 5 1 3 2 3 1 5 3 5 2 1
38762020 3 3 2 2 3 2 3 1 3 4 4 4 4 4 3 4 4 4 3 3 4 5 4 2 6 6 2 1 3 4 3 4 4 4 3 3
38797010 1 1 2 1 2 2 2 1 1 1 1 1 1 6 1 5 5 6 5 2 4 4 2 6 5 6 5 5 1 6 1 6 6 6 1 1
38876020 4 4 4 4 4 3 4 3 4 4 4 5 4 5 6 3 3 3 3 5 4 4 6 3 3 4 3 5 4 3 4 2 3 5 4 4
38923020 1 1 1 1 1 1 1 1 1 1 1 1 4 6 1 6 6 6 1 2 2 6 1 6 6 6 1 1 4 6 1 6 5 5 1 4
38923021 2 1 2 2 1 1 2 1 3 3 4 3 4 3 2 2 5 5 5 5 5 2 1 1 6 5 6 6 6 1 2 1 1 1 6 6
38938020 4 1 2 1 3 5 5 1 2 5 4 1 6 1 5 4 2 1 1 1 5 3 5 3 3 5 5 5 5 6 5 6 1 5 5 6
39101010 2 1 2 1 3 6 4 3 6 4 5 3 4 6 2 4 4 4 6 6 4 3 4 3 4 4 4 6 4 6 5 6 4 6 4 6
39101020 4 3 4 3 4 4 5 4 5 5 5 5 5 4 4 6 2 2 2 5 4 4 4 6 5 6 5 5 5 5 4 6 5 5 4 5
39181010 5 1 3 2 2 1 2 6 1 1 2 2 3 5 1 5 4 5 4 2 2 4 1 6 5 4 2 2 4 3 1 2 4 4 5 2
39181020 5 5 5 5 4 2 4 3 5 5 5 2 5 4 4 6 5 4 4 6 4 2 2 2 5 2 4 6 4 3 4 3 4 4 4 5
39187020 4 1 2 1 2 1 5 1 2 1 1 1 2 3 4 3 5 6 4 4 2 5 4 3 4 6 3 4 1 3 4 3 4 6 4 4
39257010 1 1 2 1 1 1 2 1 1 1 2 1 4 4 3 5 4 4 4 4 4 3 2 4 4 4 2 4 4 2 4 3 4 4 4 4
39279040 2 1 1 1 2 1 1 1 1 3 2 1 4 4 3 5 5 5 4 4 4 2 4 2 2 6 4 3 2 3 4 4 4 6 4 4
39348020 5 1 5 1 2 1 2 1 1 2 1 1 5 2 1 6 2 5 1 2 2 5 1 6 6 5 2 1 4 6 1 4 2 6 4 5
39348030 1 2 1 1 2 2 2 2 3 2 2 1 4 5 1 5 5 6 4 6 2 5 1 5 5 6 2 4 5 2 1 5 3 4 5 5
39358020 1 1 1 1 1 1 1 1 1 1 1 1 1 3 3 3 4 5 2 3 5 5 4 6 4 5 4 4 1 5 4 4 4 6 4 3
39430010 2 1 3 1 3 2 2 3 2 2 2 3 4 3 3 5 4 5 5 4 5 3 3 4 4 4 3 4 4 2 4 3 3 3 4 5
39492010 3 2 2 2 4 4 5 1 2 4 4 3 4 4 2 2 4 4 3 5 5 2 2 1 5 4 5 6 5 2 2 2 3 5 2 6
39505020 2 2 2 2 3 2 2 2 2 3 2 2 3 3 2 5 5 5 4 2 2 4 2 5 5 5 3 2 3 3 3 5 4 4 4 3
39557011 2 2 2 2 2 1 3 1 2 2 2 1 2 2 4 4 4 4 4 2 2 2 4 2 3 4 5 4 4 2 4 2 4 5 4 3
39605010 3 2 2 2 3 4 4 3 2 2 2 2 3 5 4 5 5 5 2 4 4 6 5 5 5 5 2 4 1 6 1 5 5 6 1 2
39605020 3 3 4 4 2 4 4 4 3 6 4 4 4 4 2 2 3 5 5 4 4 4 6 5 5 6 4 4 5 3 5 4 2 5 5 5
39784010 1 1 1 1 2 1 1 1 1 1 1 1 1 5 1 6 5 5 1 6 1 5 1 5 2 6 2 1 2 5 1 3 4 5 1 2
39821040 1 1 1 1 1 1 1 1 1 1 1 1 3 5 1 5 5 5 2 2 2 5 3 3 3 3 3 4 3 4 1 6 5 5 5 4
39900010 2 2 2 2 2 2 5 2 2 2 2 2 2 2 1 3 6 5 6 6 4 4 5 5 5 5 5 4 4 4 3 4 2 3 5 5
39900040 2 1 1 1 1 1 1 1 1 1 1 1 4 5 1 5 5 3 5 4 4 4 2 5 4 3 4 2 4 4 2 5 3 4 2 4
39970020 3 4 4 2 6 4 4 4 3 4 4 4 5 2 4 3 2 4 4 5 5 3 4 3 3 4 3 4 4 3 4 3 3 2 3 2
39972020 2 1 1 1 3 2 3 2 2 2 4 3 4 2 2 5 5 5 5 5 2 3 2 3 4 4 5 4 3 2 1 2 3 3 5 5
40081010 3 3 3 3 3 2 3 2 1 3 2 3 4 4 4 4 3 3 4 3 2 3 3 4 4 4 3 3 2 3 3 3 2 2 2 2
40111040 2 1 2 1 3 3 3 1 1 1 1 1 4 5 3 3 2 5 3 2 4 5 3 5 4 4 2 5 5 5 1 5 5 5 2 1
40153010 3 1 4 2 3 3 3 2 3 3 4 3 3 3 4 4 4 4 4 4 4 3 2 3 3 3 4 4 3 2 3 2 3 4 4 4
40219010 2 1 3 1 2 1 2 1 2 2 2 2 2 3 3 4 5 5 3 3 4 2 1 2 4 2 4 6 5 4 4 5 3 5 4 5
40279010 1 1 1 1 1 1 1 1 1 2 1 1 1 6 4 6 6 6 1 1 1 1 4 4 5 6 2 4 1 6 1 5 6 6 3 2
40279040 2 2 2 1 2 1 1 1 1 2 2 1 4 3 5 4 3 4 4 3 5 4 4 5 5 4 4 4 5 3 4 3 4 3 5 4
40623020 1 1 2 2 1 2 3 3 1 1 2 2 3 3 1 5 4 4 4 4 2 4 5 4 4 5 4 3 3 5 3 5 4 4 3 5
40718020 2 1 2 2 2 2 2 2 2 2 2 2 3 5 2 3 3 4 4 4 2 5 3 2 5 5 4 3 5 3 2 2 4 5 4 4
40870010 3 3 3 3 4 3 3 3 3 3 3 3 3 4 1 4 3 4 3 4 3 3 1 4 4 4 3 4 4 4 5 5 3 4 4 4
40875010 3 2 3 3 3 2 4 3 3 3 3 3 5 5 6 5 2 5 2 4 3 2 2 2 4 4 3 4 4 4 3 3 4 4 5 5
40875040 1 1 1 1 1 1 1 1 2 1 1 1 1 5 1 5 6 6 1 2 1 6 1 5 6 6 2 1 2 4 1 6 6 6 5 5
40905010 1 1 1 1 5 1 1 3 1 1 1 1 1 6 1 6 6 6 2 1 4 3 1 6 5 6 1 3 4 6 1 6 6 6 2 2
40908010 5 1 5 6 2 2 2 2 3 3 4 3 4 5 4 2 3 4 4 5 5 5 6 4 3 5 5 5 4 5 4 1 2 2 4 4
40918030 2 2 3 2 3 3 3 3 1 1 1 1 3 2 1 4 4 4 2 4 3 5 2 3 3 3 3 4 2 4 1 3 5 5 2 2
40929030 1 1 1 1 1 1 1 1 1 1 4 1 1 3 1 6 5 6 3 1 1 4 5 6 4 4 4 5 1 6 1 6 5 6 1 1
40983010 2 1 2 1 1 1 1 1 2 1 2 2 5 4 1 5 4 5 2 2 2 2 1 5 2 4 3 5 2 1 3 2 2 2 6 5
41098010 1 1 2 1 1 6 1 1 6 1 1 1 6 5 2 5 6 6 2 6 5 3 1 6 6 6 2 4 6 1 1 6 6 6 2 5
41119020 1 1 1 1 4 1 2 3 1 3 2 1 1 6 1 6 5 6 1 1 1 6 1 6 6 6 1 1 1 5 2 5 5 5 2 2
41129020 2 2 1 6 2 2 1 1 2 1 1 1 6 2 6 5 5 6 5 5 5 1 2 1 3 2 6 5 4 3 4 1 1 1 1 2
41170010 1 1 2 1 2 1 5 5 5 4 5 5 5 2 1 6 6 6 5 2 4 3 5 5 6 6 5 6 5 6 5 5 6 6 6 5
41179040 1 1 1 1 1 1 1 1 1 1 1 1 1 1 1 4 4 1 1 1 1 1 6 6 6 6 1 1 1 6 1 6 6 6 1 1
41232010 1 5 1 1 1 1 1 1 2 5 1 1 4 3 1 6 5 6 4 5 5 5 1 6 6 6 5 5 6 3 1 5 5 6 5 5
41232040 3 2 2 2 3 4 3 2 2 5 3 3 3 4 3 3 4 3 4 4 5 4 3 4 4 4 4 5 5 4 4 2 2 2 4 4
41238010 1 1 1 1 1 1 1 1 1 1 1 1 1 6 1 4 5 6 1 1 2 6 1 6 6 6 1 1 2 6 1 5 3 6 1 1
41238040 1 2 1 1 1 1 1 1 1 2 1 1 1 5 1 5 5 5 5 5 4 6 1 5 5 6 1 3 2 4 1 5 5 5 1 3
41309010 1 1 1 1 6 1 1 1 1 1 1 1 4 6 1 6 5 6 3 1 1 6 1 6 6 6 5 1 1 6 1 6 4 6 4 2
41309020 5 2 1 1 2 1 2 2 4 5 4 2 5 3 2 6 6 5 5 6 4 3 5 6 4 2 4 6 5 2 2 1 2 2 5 6
41364020 5 4 4 4 2 3 3 2 6 6 6 6 4 3 3 3 4 4 6 6 4 3 4 1 3 4 6 4 6 3 6 3 3 3 6 6
41364030 1 1 1 1 5 1 2 1 4 1 2 1 5 4 6 6 6 6 5 6 5 3 3 4 4 4 4 4 4 3 2 5 4 5 5 6
41547010 1 1 1 1 6 1 1 1 1 1 1 1 1 5 1 6 6 6 1 1 5 3 1 6 6 6 1 2 5 5 2 6 6 6 1 3
41780010 2 1 1 1 5 5 2 2 4 2 3 4 4 6 3 2 6 5 4 4 4 4 5 2 4 5 4 3 4 5 5 4 5 5 6 5
41879040 5 3 1 1 2 4 5 1 5 1 5 1 2 5 3 1 6 5 3 4 3 5 1 4 5 5 3 2 5 1 1 5 4 5 5 5
41953010 1 1 1 1 1 1 1 1 6 3 3 1 4 4 4 3 1 5 5 4 2 6 1 4 1 6 4 3 5 6 4 4 4 6 4 3
42187040 1 2 2 2 2 2 2 1 1 2 1 1 3 3 3 3 4 5 5 3 2 2 3 2 5 5 4 3 3 3 3 3 2 2 2 2
42259010 1 1 2 1 1 1 1 1 1 1 1 1 3 4 1 5 4 4 4 2 5 6 1 6 5 6 4 2 4 5 2 6 5 6 4 4
42290020 1 1 1 1 4 4 4 1 5 5 5 5 5 6 1 1 1 1 2 1 6 4 6 1 1 1 6 6 6 5 5 5 5 6 6 5
42407010 2 1 1 1 1 1 1 1 2 1 1 1 3 4 1 6 5 5 2 3 4 5 1 4 4 6 2 4 4 4 1 2 5 6 3 4
42764020 1 1 1 1 1 1 1 1 1 1 5 1 2 2 1 5 5 6 1 2 3 5 1 6 6 6 1 5 2 5 1 5 5 6 3 3
42776010 1 1 1 1 6 6 6 6 6 1 1 1 5 5 1 6 6 6 2 4 4 2 4 3 6 6 5 6 4 2 5 6 4 4 4 6
42776020 2 1 1 1 1 1 1 1 2 4 2 2 2 2 2 4 5 5 2 1 2 3 3 2 3 4 3 4 4 3 2 2 5 5 4 4
42833010 3 2 2 2 3 3 4 3 2 4 3 3 2 6 1 6 5 6 3 2 4 2 3 5 5 6 5 4 4 3 4 3 4 6 5 4
42833040 4 1 2 1 4 1 2 2 3 3 4 3 2 3 1 4 4 5 3 4 3 3 2 2 3 4 4 4 4 3 2 5 3 4 3 3
42887030 2 2 2 2 2 2 2 1 2 1 1 1 3 2 2 2 2 4 4 2 1 3 2 1 3 4 3 3 2 2 2 1 3 3 5 5
42938011 1 1 1 1 1 1 1 1 1 1 1 1 1 6 1 5 6 6 6 6 1 4 1 2 6 6 1 2 1 3 1 4 6 6 1 5
42955010 1 1 2 2 1 1 1 1 2 2 2 2 1 6 1 6 6 6 1 1 2 5 1 6 6 6 2 2 2 3 1 5 5 5 2 1
43052010 6 1 1 1 1 1 1 1 1 1 1 1 1 5 4 5 5 5 4 4 2 6 1 6 6 6 2 1 1 6 1 6 6 6 1 1
43342010 4 1 2 2 5 5 6 6 4 2 2 1 1 6 1 2 6 6 2 5 5 2 2 5 5 4 2 5 6 6 1 6 2 2 2 1
43354010 5 4 1 2 2 1 1 1 1 1 1 1 2 1 1 3 6 6 1 1 2 5 2 4 4 5 5 1 2 6 2 6 6 6 1 1
43493020 1 1 1 1 5 4 3 2 2 2 1 1 5 6 1 5 5 5 5 5 6 6 4 6 6 6 5 5 6 6 1 5 6 6 5 6
43512010 1 1 1 1 2 3 3 3 1 1 1 1 2 5 1 6 6 6 5 2 5 5 4 6 4 6 5 4 6 5 5 6 5 6 6 6
43652010 1 2 1 1 1 1 1 1 1 1 1 1 1 6 1 6 6 6 1 1 1 6 1 6 6 6 5 1 1 6 1 6 5 5 1 1
43652020 2 1 1 1 2 1 1 1 3 1 1 1 1 6 1 6 6 6 1 1 2 6 1 6 6 6 1 5 1 6 1 6 4 5 4 4
43779010 1 1 1 1 1 1 1 1 1 1 1 1 1 4 1 6 6 6 5 4 4 3 4 6 6 6 5 4 5 3 2 4 6 5 6 5
43779020 1 1 1 1 1 1 1 1 1 1 1 1 1 6 1 6 6 6 1 1 1 6 1 6 6 6 1 5 5 6 1 6 5 6 5 2
43837011 5 4 5 2 2 2 2 2 4 3 2 1 5 5 5 4 5 5 5 6 4 3 5 2 2 3 3 5 2 2 4 2 4 4 6 5
43958020 1 1 2 1 1 1 1 1 1 1 2 1 2 5 6 3 4 5 5 5 3 5 2 4 5 5 3 2 2 5 1 3 5 4 4 5
44067020 1 1 1 1 1 1 1 1 2 1 2 1 3 5 2 5 4 4 4 4 5 5 1 3 3 5 5 5 2 4 1 2 4 4 4 4
44109020 6 1 1 1 1 1 1 1 4 6 2 1 4 5 1 1 1 5 5 6 2 6 1 1 1 6 5 6 6 1 3 1 1 4 6 6
44149040 2 1 2 1 2 1 2 1 1 1 2 1 1 3 2 6 6 6 5 1 1 2 4 1 1 1 2 4 1 2 5 6 6 6 5 4
44307010 3 2 3 2 4 3 3 3 3 3 4 3 2 3 3 4 5 5 3 4 3 5 3 4 4 5 2 4 1 6 2 5 6 6 5 3
44307040 2 2 2 2 3 2 4 2 5 3 2 1 5 2 3 2 2 1 2 5 3 2 4 1 2 1 4 5 1 1 2 1 1 2 5 5
44336030 5 5 4 4 2 2 2 2 4 4 3 5 4 4 4 4 4 4 4 4 5 4 5 3 3 3 3 3 4 5 4 5 5 5 4 4
44369020 2 1 2 1 2 1 2 1 5 5 3 3 4 4 1 4 4 5 3 5 5 3 2 2 5 5 4 5 5 5 2 5 5 5 2 5
44406010 1 1 2 1 1 1 1 1 1 1 1 1 1 1 2 6 6 6 2 2 1 6 2 6 6 6 1 1 3 6 1 6 5 6 1 2
44406040 1 1 1 1 1 1 1 1 1 1 1 1 2 5 1 5 6 6 5 2 2 6 1 6 5 6 5 4 2 6 1 1 5 6 5 4
44598010 3 3 3 3 3 3 3 3 4 4 3 3 6 3 3 4 4 4 4 4 1 3 2 2 4 4 4 4 4 3 3 4 4 5 4 4
44717010 1 1 1 1 1 1 1 1 1 1 1 1 2 5 1 6 6 6 4 4 4 5 1 6 6 6 1 4 4 3 1 5 6 6 5 5
44815010 1 2 1 1 1 1 1 1 3 4 1 1 5 5 3 6 6 6 6 6 1 2 1 6 6 6 5 4 6 4 3 1 5 6 6 1
44815020 4 4 5 3 5 3 4 2 3 4 3 3 1 1 1 6 1 6 1 6 5 4 4 5 3 5 5 6 5 4 4 3 4 4 6 6
44855010 3 1 1 1 4 1 1 1 2 3 3 2 2 3 2 4 4 5 4 5 2 4 2 4 4 5 5 4 4 4 2 3 4 4 5 5
44883020 4 5 6 6 6 1 1 1 6 6 6 6 6 3 6 6 4 6 4 2 6 6 4 6 6 6 6 6 6 6 6 6 6 6 6 6
44883021 6 4 2 1 6 1 1 5 6 6 6 6 5 3 1 3 4 6 5 5 5 3 4 2 3 4 6 6 6 1 6 1 1 1 6 6
45060010 1 1 1 1 2 1 2 1 1 1 1 1 2 2 1 3 2 5 2 1 3 5 1 2 2 5 3 1 1 4 1 3 4 4 5 3
45109010 2 2 2 2 1 1 1 1 2 2 2 2 2 4 2 5 4 5 4 4 3 4 2 5 5 5 5 4 3 4 4 4 4 4 4 4
45265010 3 1 2 4 3 6 5 6 5 1 5 4 3 4 2 4 5 5 2 2 1 5 1 3 5 5 3 3 4 2 4 2 4 5 4 4
45433010 6 6 6 6 2 3 6 6 2 3 3 3 6 1 6 1 1 1 6 6 6 2 5 4 1 2 6 6 3 3 3 3 3 3 3 3
45438010 6 5 1 1 4 4 4 6 5 4 4 4 6 1 6 1 1 1 6 6 6 2 6 1 1 1 6 6 6 1 6 4 3 3 6 6
45445010 3 1 1 1 3 1 3 3 1 1 1 1 1 6 1 6 5 5 4 4 5 5 1 4 4 5 4 5 4 5 1 5 5 5 3 2
45555010 1 1 1 1 2 1 1 1 1 1 2 1 2 5 1 5 5 5 2 3 4 4 2 5 4 5 2 3 4 3 1 6 6 5 1 4
45606020 2 2 1 1 4 2 3 1 3 2 3 1 4 4 2 3 4 2 2 4 4 4 2 4 3 3 4 5 4 3 4 3 4 4 5 3
45786010 1 1 1 1 1 1 1 1 1 1 1 1 2 6 1 5 6 6 2 2 5 6 1 5 5 5 4 3 4 6 1 5 5 5 4 4
45870010 1 2 1 1 1 1 1 1 2 5 1 1 3 5 1 5 5 5 1 3 3 5 1 4 5 5 3 2 1 1 1 4 6 6 2 3
45870020 1 1 2 1 1 1 5 1 3 2 1 1 5 5 1 5 5 6 2 1 3 4 1 4 4 6 3 3 4 4 1 4 3 6 5 5
45885020 2 2 2 2 2 5 2 1 2 5 5 3 3 5 2 3 5 5 2 3 5 5 4 2 5 5 4 5 3 3 4 5 5 5 5 6
45922010 1 5 1 1 2 1 1 1 1 1 1 1 1 5 1 6 5 6 1 2 1 2 2 5 4 5 5 4 2 2 1 1 6 5 4 4
46188010 1 1 1 1 2 2 2 1 2 1 1 1 3 5 1 6 4 5 5 4 2 2 2 4 5 5 5 4 5 4 4 5 5 5 5 5
46226040 1 1 1 1 1 1 1 1 1 2 2 2 5 5 1 5 5 5 3 4 5 4 1 6 4 5 4 4 4 2 1 3 2 2 3 4
46319011 1 1 1 1 1 1 1 1 1 1 1 1 2 6 1 6 6 6 2 4 2 6 1 6 6 6 2 1 2 4 1 5 6 6 3 5
46443010 1 1 1 1 1 1 1 1 1 1 1 1 1 6 1 6 6 6 1 1 1 6 1 5 6 6 1 5 5 5 1 1 6 6 1 1
46443020 2 1 1 1 2 1 1 1 2 3 2 2 4 2 3 2 5 5 2 5 4 5 1 6 5 5 1 1 4 3 1 5 5 5 2 4
46569010 1 1 2 1 1 1 4 1 2 4 2 2 2 5 1 6 5 5 2 5 4 5 3 4 3 3 4 4 4 3 1 2 2 3 4 4
46569040 2 2 3 2 3 5 3 4 3 5 5 3 4 4 2 4 4 4 2 3 4 5 5 4 4 4 3 4 4 3 4 3 3 4 4 4
46602010 2 1 1 1 2 1 2 2 2 2 2 2 2 5 1 5 5 5 5 5 4 3 3 4 3 4 5 4 5 2 2 5 5 5 5 5
46787010 3 2 2 1 2 4 2 2 6 2 2 2 5 2 5 5 5 5 5 5 2 2 4 6 5 5 5 5 4 4 5 5 2 5 6 6
46787011 3 2 2 3 2 2 3 2 4 3 3 3 3 3 4 3 2 5 4 6 4 4 3 2 4 4 5 5 4 3 4 3 3 3 4 5
46821010 1 1 1 1 1 1 1 1 1 1 1 1 1 2 1 6 6 6 1 5 2 6 6 6 5 6 2 2 6 2 1 6 6 6 5 2
46821011 4 4 4 3 4 4 4 4 1 1 1 1 4 3 4 5 4 4 4 4 4 5 4 5 4 5 5 4 5 5 2 4 4 5 4 5
47136030 2 1 1 1 1 1 5 2 4 1 5 1 5 3 2 2 2 4 4 5 5 5 4 2 1 2 5 5 5 5 2 2 2 5 2 5
47255010 1 1 1 1 1 1 1 1 1 1 1 1 2 6 1 6 4 6 1 1 1 1 1 2 4 6 2 1 1 2 1 5 4 5 2 1
47403010 2 2 4 2 2 2 2 2 4 4 6 4 4 3 5 2 3 4 4 4 5 3 4 2 4 3 5 4 6 1 4 2 2 2 6 6
47403020 2 5 1 1 2 1 1 1 1 1 1 1 3 3 1 5 6 6 5 5 2 2 2 5 5 5 5 2 2 4 3 2 4 4 4 4
47458011 4 2 5 5 2 1 2 1 2 4 4 3 4 3 4 5 2 5 5 5 5 5 3 2 4 4 4 4 2 5 1 5 5 5 4 4
47495010 4 3 3 3 4 4 3 2 5 4 2 2 2 4 2 3 4 5 6 5 3 5 3 2 2 3 5 6 4 5 4 4 2 2 5 5
47515020 3 1 1 1 2 2 3 3 5 3 4 2 5 4 2 5 5 5 5 4 4 5 1 5 5 6 5 4 5 4 4 4 4 4 5 4
47596010 4 3 3 2 2 1 1 1 2 2 2 2 4 2 4 3 4 5 5 6 2 2 4 4 3 4 3 2 2 2 4 3 3 4 5 5
47630012 1 1 1 1 1 1 1 1 3 2 2 1 1 5 2 5 5 5 2 2 2 1 1 4 5 5 2 2 2 5 2 2 5 5 3 3
47660010 2 3 4 4 5 4 4 2 3 4 4 5 4 3 4 3 3 3 4 5 4 3 4 5 3 3 4 3 4 3 4 3 3 4 4 4
47848040 5 4 3 2 4 1 2 1 3 1 1 1 3 4 4 3 3 5 4 4 4 4 3 4 4 4 4 3 4 4 4 2 4 4 5 3
48013020 2 2 3 3 2 2 3 1 2 1 2 2 3 2 2 5 4 4 3 3 4 3 3 4 4 5 4 4 3 3 2 4 4 5 4 4
48013030 1 1 3 1 1 1 2 1 2 3 2 1 5 4 1 5 5 5 4 2 3 3 3 4 3 4 4 4 4 4 3 2 3 4 5 5
48103010 5 3 3 3 3 3 2 3 1 3 4 3 5 3 4 1 1 2 5 6 5 1 3 1 2 4 4 5 5 2 2 1 2 5 2 2
48124010 1 1 2 1 1 1 1 1 4 5 2 2 4 3 2 3 3 5 4 5 4 2 1 3 3 5 5 6 5 1 6 6 1 1 6 6
48248020 4 1 5 5 1 1 1 2 4 1 2 6 6 3 1 6 1 3 6 6 4 4 1 1 6 1 6 1 4 4 1 4 3 4 4 6
48250010 4 1 2 2 2 2 4 4 4 3 3 3 3 3 3 4 4 4 3 4 3 3 3 3 3 3 3 3 4 3 5 5 5 5 5 5
48440040 1 1 1 1 1 1 1 1 1 1 1 1 1 6 1 6 6 6 1 1 1 2 1 6 6 6 1 1 1 5 1 6 6 6 1 1
48535010 1 1 2 2 1 1 1 2 2 2 2 1 4 5 1 2 6 6 2 2 5 6 2 3 6 6 2 4 4 6 2 4 6 6 3 4
48568010 4 2 3 4 3 2 1 1 3 3 3 4 3 3 3 2 3 4 4 4 4 3 2 2 5 4 5 5 4 2 4 2 2 2 5 5
48652010 4 2 4 6 3 3 3 5 5 5 5 4 4 4 4 4 4 5 6 4 5 2 3 2 1 2 2 2 4 3 1 3 5 4 6 5
48685010 2 2 2 2 2 2 2 2 5 3 4 2 4 4 3 4 4 5 3 3 2 3 2 2 5 5 4 4 4 3 3 4 3 3 4 4
48685020 2 2 3 2 4 4 4 4 4 3 3 3 2 4 3 4 2 4 4 4 3 3 4 3 3 3 3 3 3 3 4 3 3 3 3 3
48904010 4 4 6 4 5 4 5 3 4 3 4 2 5 2 5 1 1 2 6 6 6 4 4 1 1 2 3 5 4 1 4 2 4 4 5 6
48988010 3 1 2 2 5 1 1 1 3 1 2 1 4 3 2 4 5 5 4 2 2 4 1 3 5 5 3 3 2 5 1 3 3 3 4 4
48997010 1 1 1 1 1 1 1 1 1 1 1 1 4 6 1 5 5 5 2 2 5 5 1 3 4 5 3 4 1 1 1 3 5 6 2 1
49059030 3 2 2 2 2 2 2 2 3 1 2 2 2 3 2 2 5 5 2 4 2 4 2 2 5 4 4 4 3 4 2 4 5 5 4 2
49070040 2 1 1 1 2 1 2 2 1 1 2 2 3 6 1 6 5 4 4 4 5 2 1 4 2 4 4 5 4 2 4 1 5 5 4 5
49232030 1 1 3 2 1 1 1 1 1 1 1 1 4 3 3 4 4 6 4 4 5 3 4 4 5 6 4 5 4 4 3 3 4 5 3 4
49263010 3 1 1 1 1 4 1 1 5 4 4 4 1 6 1 6 6 6 3 6 1 4 1 4 4 4 4 4 2 2 2 2 2 2 2 2
49489010 2 2 2 2 3 4 4 4 2 2 2 2 4 5 2 4 4 5 4 2 4 5 4 3 4 4 3 4 4 5 2 2 2 4 4 5
49511020 2 3 2 3 3 3 2 2 3 3 3 3 4 2 4 3 5 4 4 4 4 5 4 5 5 5 4 4 4 5 3 5 5 5 4 4
49702020 2 2 2 2 1 1 1 1 4 5 5 4 3 4 4 4 4 4 4 4 5 5 3 5 4 6 4 5 4 2 3 4 4 4 5 4
49766020 1 2 3 2 3 2 2 2 2 2 2 2 4 3 2 4 3 5 5 3 4 3 5 2 4 4 4 4 4 3 4 2 3 4 4 3
49766030 1 1 1 1 3 3 3 3 5 2 2 2 2 6 3 2 1 1 4 4 5 5 4 5 1 2 3 4 4 4 5 5 3 3 6 6
49779010 3 1 1 1 2 2 2 2 2 2 2 1 4 3 1 4 3 5 4 1 4 4 1 4 3 5 4 2 3 6 1 3 3 4 4 4
50117010 2 2 2 2 2 1 2 2 5 5 2 3 5 3 5 4 4 5 5 4 5 4 4 3 5 5 5 4 4 3 4 2 2 4 4 4
50117020 2 2 2 2 2 2 2 2 3 3 3 2 4 3 2 4 4 4 3 4 2 2 1 4 4 3 4 4 4 3 4 5 5 3 4 4
50145010 1 1 1 1 1 1 1 1 2 5 2 2 3 5 1 5 6 6 3 3 2 1 2 5 5 6 6 2 3 4 1 3 4 5 4 3
50145011 6 1 2 1 2 2 2 1 1 1 1 1 4 3 1 2 5 6 6 6 4 3 5 1 5 6 6 6 6 1 1 1 6 3 6 6
50152030 5 3 3 1 5 1 2 1 3 2 2 2 2 3 2 6 5 5 5 5 5 3 1 6 5 5 5 5 4 1 3 5 4 4 1 1
50152031 2 1 4 2 1 1 1 1 4 5 4 4 2 5 2 5 5 5 2 2 1 6 1 6 6 6 1 1 1 6 1 6 6 6 1 1
50173010 3 2 2 2 4 4 4 3 5 5 5 5 5 5 4 1 3 3 2 2 5 2 5 1 2 2 6 6 6 1 6 1 1 1 1 6
50185010 2 2 2 2 6 6 6 6 2 1 2 2 4 2 1 5 6 6 2 2 1 3 1 5 6 6 4 2 4 2 4 5 4 4 5 2
50185040 4 1 1 1 6 6 5 1 1 1 4 1 1 6 1 5 6 6 1 4 1 5 1 6 6 6 5 4 4 3 1 5 6 6 1 4
50364010 1 1 2 1 1 1 1 1 1 1 1 1 4 6 1 5 3 5 1 4 4 5 1 4 3 5 2 4 4 5 1 5 5 5 1 2
50364040 5 4 4 1 1 1 1 1 1 1 1 1 4 4 1 6 5 6 1 4 4 5 3 4 4 6 1 4 2 4 1 3 3 6 5 4
50377010 2 2 2 2 5 3 5 3 2 1 1 1 4 2 4 5 4 4 4 4 6 1 4 6 6 6 6 5 5 4 2 5 3 4 6 6
50377040 3 4 4 1 1 1 1 1 3 1 2 4 6 6 6 4 1 3 4 6 1 5 1 4 5 5 1 6 5 3 3 2 3 4 3 6
50763020 1 1 1 1 6 4 4 4 4 2 4 4 5 6 2 5 6 5 5 4 6 1 5 4 4 5 6 5 6 3 5 1 6 5 6 6
50788020 1 1 1 1 1 1 1 1 1 1 1 1 1 5 1 6 6 6 5 2 1 2 1 2 6 6 5 5 1 4 1 6 5 6 4 1
50883010 3 3 3 3 3 2 3 2 3 3 3 3 4 4 4 3 3 4 3 4 4 3 2 3 3 4 4 4 4 3 4 3 4 4 4 4
50883020 2 2 1 1 5 4 2 1 3 4 3 3 4 3 2 3 3 3 4 4 6 2 3 4 2 1 5 6 4 2 4 1 1 1 5 6
50895040 2 2 4 3 5 6 5 5 3 4 4 4 2 4 4 6 6 5 5 5 2 5 5 4 5 4 5 2 2 1 5 2 5 3 5 5
50906010 1 1 2 2 1 2 1 1 2 2 2 1 4 5 1 5 6 5 4 5 4 5 1 5 5 5 3 4 2 5 1 5 5 6 2 1
50907020 2 1 2 3 2 1 1 1 2 2 2 2 3 3 2 2 3 5 2 5 3 2 1 3 3 4 4 1 4 4 4 4 2 5 5 5
50907030 4 1 2 3 2 1 4 1 6 2 4 5 4 5 1 2 4 4 1 1 4 4 1 1 4 4 3 4 1 2 2 1 1 2 2 6
50945040 3 2 3 2 1 1 1 1 6 1 2 1 4 2 2 5 5 6 4 4 1 2 1 5 6 6 1 1 4 3 4 4 3 6 5 2
51318020 2 5 5 5 5 6 5 5 5 4 4 4 6 6 5 6 6 6 6 6 5 4 5 5 6 6 6 6 4 4 4 2 4 4 4 4
51320011 4 1 1 1 3 1 1 1 5 1 1 1 3 6 6 6 5 2 5 5 4 6 1 2 3 1 1 6 2 5 1 5 5 2 2 6
51406040 2 2 2 2 2 1 2 1 2 1 2 1 2 3 2 5 4 5 2 3 2 2 3 5 3 5 5 5 3 1 2 2 2 5 3 4
51423010 4 1 1 1 2 1 2 1 5 3 3 3 5 3 4 1 2 2 4 4 4 1 3 1 2 3 6 5 1 1 3 1 2 2 5 5
51423011 1 1 2 1 1 1 1 1 2 1 2 1 4 3 3 4 5 6 4 3 2 3 3 2 4 5 4 4 4 5 3 5 4 6 4 4
51456020 1 1 1 1 1 1 3 1 1 1 1 1 4 6 4 4 3 5 3 4 4 4 2 4 4 4 2 5 2 2 2 3 4 5 5 5
51470010 2 1 4 4 2 2 3 3 2 1 2 1 4 2 2 3 3 2 4 4 2 3 3 5 4 3 4 4 4 2 4 3 3 3 3 4
51478010 1 1 1 1 1 6 1 1 1 1 1 1 1 4 1 6 6 5 1 5 1 6 1 6 6 6 1 1 1 4 1 4 4 4 5 5
51489030 1 1 1 1 1 1 1 1 1 1 1 1 1 6 1 5 5 6 1 2 1 5 1 4 6 6 2 1 1 6 1 4 5 6 2 1
51542020 2 2 2 2 3 2 2 2 4 1 5 1 5 5 3 4 5 5 3 4 4 4 3 4 4 4 3 4 5 4 4 4 4 5 5 1
51698010 4 5 1 2 3 5 2 1 1 1 1 1 5 1 5 6 3 5 6 5 6 1 2 5 4 5 6 6 3 5 2 4 5 4 4 3
51740030 2 1 1 1 2 1 2 2 2 1 1 1 1 5 1 5 4 5 4 5 2 3 6 3 4 4 2 1 4 6 1 5 3 4 5 5
51937010 1 1 1 1 1 1 1 1 1 1 1 1 1 1 1 3 5 6 1 4 1 4 1 4 6 6 1 4 1 5 1 5 6 6 1 4
51982020 1 1 1 1 1 1 1 1 1 1 1 1 4 6 1 6 5 5 1 1 3 3 1 5 1 6 5 1 2 2 1 1 5 5 5 1
51982030 2 2 2 1 2 1 2 2 1 1 1 1 3 5 1 4 3 3 2 4 2 5 1 5 5 5 1 2 2 2 2 5 5 5 1 2
52020010 1 1 2 1 1 1 2 5 1 4 1 1 4 3 2 6 5 5 1 4 4 3 1 6 6 5 5 2 5 6 2 6 6 5 4 4
52020020 1 1 1 1 1 1 1 1 1 1 1 1 1 5 1 6 6 6 1 1 5 5 1 6 6 6 1 1 2 5 1 6 6 6 1 1
52234010 1 1 1 1 1 1 1 1 2 2 2 1 2 6 1 6 5 5 2 2 1 5 1 5 5 5 1 1 5 5 2 5 5 5 2 3
52289010 2 1 2 3 2 6 2 6 1 3 5 2 4 2 1 6 6 6 1 2 3 2 2 1 1 1 3 2 5 3 5 5 5 6 6 5
52413020 5 3 3 4 1 1 1 1 1 1 1 1 6 6 5 5 6 6 5 5 1 1 5 2 2 5 6 6 5 1 1 1 1 1 1 6
52427010 4 4 4 3 5 4 4 3 4 5 4 4 5 3 3 5 4 4 4 4 4 2 4 4 3 3 4 4 4 2 2 4 4 4 4 4
52436030 4 2 2 1 2 1 2 1 3 5 2 1 4 3 2 1 4 4 4 4 4 2 2 2 5 4 4 5 4 3 1 2 4 4 4 4
52459010 4 6 4 2 6 4 3 4 4 5 5 6 6 1 6 1 1 1 6 6 6 1 6 1 1 1 6 6 6 1 6 1 1 1 6 6
52492020 5 1 1 1 1 1 1 1 1 1 2 1 5 2 1 6 3 3 4 5 2 3 1 2 4 3 4 3 5 3 4 3 3 2 5 6
52542010 1 1 1 1 2 1 1 1 2 5 2 1 4 5 2 4 4 4 4 4 5 3 2 6 5 4 5 5 5 2 5 5 5 4 5 6
52632041 5 6 1 1 6 1 1 1 3 5 1 1 2 6 2 5 6 5 1 2 2 6 1 2 2 5 1 5 5 5 3 4 4 6 4 6
52703040 1 5 1 1 1 1 1 1 1 1 1 1 4 6 2 6 6 6 5 5 1 6 1 6 6 6 1 1 1 6 1 6 6 6 1 1
52746010 6 1 1 1 5 2 2 2 6 1 1 1 3 2 3 2 4 6 4 4 4 4 4 4 4 5 5 6 4 3 3 2 2 4 4 2
52884020 1 1 1 1 1 1 1 1 1 1 1 1 1 1 6 5 6 6 1 5 1 6 1 6 6 6 1 5 3 5 1 6 6 6 4 4
52926010 1 2 1 1 2 2 2 2 5 1 1 1 4 1 5 1 1 5 6 6 4 5 2 2 3 2 4 5 1 6 1 4 3 6 6 6
52930020 3 3 3 3 3 3 3 3 4 4 4 4 3 3 4 4 4 4 4 4 6 3 3 1 3 3 6 6 4 4 4 1 1 1 1 1
52987020 3 3 2 1 3 3 4 1 4 4 5 2 5 1 5 1 4 5 6 6 4 3 5 1 4 6 5 5 4 2 6 4 4 5 6 6
52996010 5 2 1 1 2 4 4 2 4 1 3 2 5 2 3 3 6 6 4 4 4 4 4 3 5 5 4 3 5 2 5 2 5 5 6 5
53033030 2 2 2 2 3 4 3 3 3 3 3 3 4 3 2 2 3 3 3 4 4 3 4 3 3 3 3 4 4 4 2 3 3 2 2 2
53033031 6 6 6 1 6 6 6 6 6 6 6 1 6 6 6 6 6 6 6 6 6 1 1 1 1 1 1 1 1 6 1 6 6 6 1 1
53237010 1 1 1 1 1 1 1 1 1 1 1 1 4 5 1 3 4 6 4 2 4 3 2 3 4 5 4 2 2 3 3 3 5 5 4 2
53700010 1 1 2 1 4 2 2 3 3 5 5 5 2 6 1 5 6 6 1 1 4 6 1 4 6 6 2 4 5 5 5 5 5 5 3 5
53828020 3 1 2 2 2 2 3 3 2 2 2 2 2 4 2 5 5 5 4 4 4 2 1 1 4 5 4 4 4 2 4 2 2 2 2 5
53871010 2 1 2 2 3 2 2 2 2 5 5 5 4 3 1 1 4 4 4 4 4 5 5 2 2 2 4 4 4 1 4 1 2 2 6 5
53871011 1 2 1 1 1 5 6 1 4 5 5 5 5 1 2 5 6 5 1 6 6 6 4 5 6 6 6 6 6 2 4 1 4 4 6 6
53871021 5 5 5 5 2 1 1 1 2 6 4 5 3 1 3 1 1 3 4 4 1 6 1 6 6 6 1 6 3 4 1 5 1 4 3 1
53901030 4 4 4 4 2 1 3 2 2 2 2 2 6 5 3 3 2 2 5 6 4 3 4 4 4 3 5 5 4 4 3 3 4 3 5 4
54169030 6 6 6 6 2 6 6 6 6 1 6 2 1 2 1 1 1 1 1 2 1 2 1 2 1 2 1 2 1 1 1 6 1 2 1 2
54289020 2 2 2 2 3 1 3 3 4 2 2 3 4 4 1 5 5 5 2 3 3 3 1 2 4 6 3 3 4 5 1 4 2 5 5 4
54289030 4 2 2 1 4 2 4 3 5 5 4 4 4 3 3 2 3 2 3 4 5 2 3 1 1 2 4 5 5 3 5 3 3 3 4 5
54384010 2 2 2 1 2 2 2 1 2 1 3 3 4 5 1 6 5 5 4 4 5 3 3 5 5 5 4 5 5 4 4 5 5 5 4 4
54387010 4 2 4 2 4 2 2 1 3 4 2 1 4 3 2 4 3 3 3 4 4 4 3 4 3 4 4 4 4 4 3 4 2 4 4 4
54387020 2 1 1 1 3 3 1 1 1 5 2 1 3 3 3 5 5 5 4 3 2 4 4 5 5 5 5 4 3 3 3 4 4 5 5 4
54602010 1 1 1 1 5 1 2 1 4 1 4 1 4 3 1 1 3 3 4 5 4 5 4 1 4 4 4 5 4 3 4 1 3 2 5 6
54650010 1 1 1 1 2 2 2 1 1 4 2 1 2 2 1 1 2 3 6 2 4 2 1 1 2 1 6 5 4 2 1 2 2 4 5 5
54769010 1 1 1 1 5 1 1 1 1 2 2 1 4 2 1 1 5 5 2 4 3 3 2 5 6 6 3 4 4 2 3 4 4 4 4 3
54769040 1 1 1 1 1 1 1 1 2 2 2 1 1 6 1 6 6 6 3 1 1 5 1 6 6 5 5 2 4 5 1 5 5 5 5 4
54772010 3 2 2 2 2 5 4 2 4 5 4 4 2 5 1 6 6 5 5 3 5 4 4 5 5 4 4 5 5 4 4 2 2 2 2 4
54795010 1 1 1 1 1 1 1 1 2 1 2 1 1 6 1 1 6 6 3 3 1 5 1 6 5 5 1 5 4 4 4 4 3 3 4 4
54796010 5 5 2 2 5 1 4 2 2 6 4 1 5 4 5 5 6 6 4 3 5 2 1 1 1 1 2 5 6 4 5 6 6 6 5 3
55096020 2 4 3 2 2 1 3 5 4 4 5 4 2 3 1 3 3 2 4 5 3 3 4 1 4 5 1 6 4 4 4 2 4 4 4 5
55185010 1 1 2 1 1 1 1 1 1 1 1 1 1 5 1 5 5 5 2 2 1 5 1 5 6 6 2 1 2 5 2 3 4 5 2 3
55212040 3 3 3 1 2 2 2 2 3 4 3 2 5 3 3 3 3 3 5 4 2 3 1 4 4 4 3 3 4 3 3 2 3 3 4 4
55394010 1 1 1 1 1 1 1 1 1 3 2 1 2 5 1 6 6 6 1 1 1 5 1 6 5 6 1 5 2 5 2 1 4 5 3 5
55654010 1 1 1 1 1 1 1 1 2 2 1 1 1 6 1 6 6 6 5 5 1 6 1 6 6 6 5 1 2 6 1 3 5 6 5 2
55654020 1 1 1 1 1 1 1 1 1 1 1 1 1 6 1 6 6 6 1 5 1 6 1 6 6 6 2 5 2 5 1 6 6 6 2 2
55884010 1 1 1 1 1 1 1 1 1 1 1 1 1 5 1 5 4 2 4 4 4 2 1 3 5 5 2 2 4 2 4 1 4 4 5 6
56041010 2 1 2 1 1 3 1 2 2 1 2 2 2 1 1 3 3 4 3 2 1 4 3 3 4 6 6 5 1 2 1 1 3 4 3 3
56354030 6 6 6 1 4 3 4 4 1 1 1 1 6 3 4 3 6 6 6 6 1 6 1 6 6 6 1 1 1 6 1 6 6 6 6 1
56540011 3 2 2 2 5 3 3 3 3 3 4 3 5 4 3 4 5 5 2 4 4 5 2 5 5 5 4 5 3 4 2 5 4 4 3 4
56703010 2 6 1 2 2 1 1 1 1 1 1 1 2 3 1 3 5 6 5 3 4 3 3 5 5 6 1 2 3 4 1 4 5 5 2 4
56714020 1 1 1 1 1 1 1 1 1 1 1 1 1 6 1 6 6 6 1 5 1 6 1 6 6 6 1 1 1 5 1 6 6 6 1 4
56955011 3 1 1 1 1 6 1 1 1 1 1 1 2 3 2 5 5 5 2 2 3 4 1 6 5 5 3 3 1 5 2 5 6 4 3 6
56966040 5 5 5 5 6 1 6 6 6 6 2 4 6 6 4 6 6 6 6 6 4 6 6 6 5 6 6 6 1 1 6 6 6 6 6 6
57099010 1 1 1 1 1 1 6 1 1 1 1 1 1 4 1 5 5 6 1 3 5 2 2 4 3 4 4 4 3 3 3 2 2 2 2 3
57184030 1 1 2 1 1 1 1 1 1 1 1 1 1 5 1 5 4 5 2 4 4 5 2 2 4 4 4 4 4 3 2 2 4 5 5 5
57341010 4 4 4 5 4 4 3 3 3 2 3 3 1 4 1 1 6 6 6 4 4 3 4 3 3 4 4 3 3 4 1 2 4 4 4 4
57341040 3 6 5 1 6 1 6 6 1 1 1 1 6 4 1 6 1 1 6 4 4 2 1 6 6 2 6 6 5 2 1 3 6 6 5 1
57364040 6 1 1 1 1 1 1 1 1 1 1 1 1 6 1 6 6 6 1 1 1 6 1 1 6 6 2 2 1 6 1 6 5 6 1 1
57792010 2 1 2 1 3 1 3 1 5 1 4 1 5 3 2 3 3 4 4 5 3 4 1 5 5 5 6 6 5 1 4 1 4 6 2 5
57946011 1 1 1 1 1 1 1 1 1 1 1 1 3 4 3 3 4 3 4 4 4 4 4 2 2 2 2 2 4 5 3 3 4 4 3 4
58122020 2 2 2 1 2 1 2 1 2 1 1 1 1 2 1 5 5 5 5 2 4 3 1 2 5 5 5 4 4 4 6 2 4 4 5 5
58125020 2 2 2 2 3 3 2 2 2 3 2 2 3 5 2 5 4 5 2 2 2 5 2 5 5 5 2 2 3 4 2 5 4 5 2 2
58392010 1 1 1 1 1 2 1 1 1 1 2 1 1 5 1 5 6 6 1 2 1 5 1 6 5 6 6 2 2 3 1 4 6 5 5 4
58501010 3 1 2 1 3 2 2 2 4 3 2 2 2 5 3 4 3 2 5 3 2 5 5 5 5 5 2 2 2 4 1 2 2 5 3 2
58508020 2 2 2 2 2 2 2 2 3 1 1 1 2 5 2 4 5 5 4 4 4 4 3 4 4 4 4 4 4 4 3 4 4 4 4 4
58648010 1 1 1 1 3 3 3 3 1 1 1 1 1 6 1 6 6 6 1 1 1 5 1 6 6 6 1 1 1 6 1 6 6 6 2 2
59024041 2 2 1 1 5 3 1 1 3 2 2 2 1 2 2 4 4 5 2 2 1 4 2 6 4 5 5 4 4 4 3 4 3 5 5 2
59279010 3 1 1 1 2 1 1 1 1 3 6 1 1 5 1 5 5 5 1 3 1 5 1 3 5 5 4 2 2 6 1 5 6 6 3 1
59961010 4 1 1 1 5 1 6 1 2 5 4 1 5 2 3 1 4 3 3 3 2 5 2 3 3 4 4 2 3 3 3 1 3 6 3 5
60311010 1 2 2 2 2 1 2 1 2 3 3 2 1 3 6 6 6 6 4 4 1 2 5 6 6 5 5 4 5 2 4 3 3 5 6 5
60311020 2 2 2 2 2 3 2 2 2 4 1 1 3 5 3 2 5 5 2 3 4 4 1 3 4 4 1 4 5 1 2 1 5 5 4 4
60316040 2 1 2 1 2 2 3 1 5 2 3 2 3 3 2 5 5 5 6 4 3 2 1 5 4 5 6 5 3 2 2 3 2 4 5 5
60330020 2 1 1 1 1 1 1 1 1 1 1 1 1 5 1 5 5 6 4 2 2 6 1 6 6 6 4 2 1 3 2 5 6 5 5 4
60353010 3 2 3 2 2 1 3 3 5 3 5 4 3 4 2 5 5 5 2 4 2 3 3 5 4 5 3 4 4 5 3 5 4 5 5 5
60353020 4 1 3 1 3 1 1 1 1 1 2 1 3 4 1 3 4 5 4 4 2 3 1 3 2 5 4 5 1 4 6 5 5 6 6 5
60360020 4 4 4 3 5 3 5 3 2 3 2 1 5 5 5 2 2 2 5 5 5 4 4 3 4 3 5 5 5 5 2 3 5 5 2 4
60427020 2 1 1 1 1 1 1 1 5 1 1 1 1 4 1 4 4 4 4 4 4 3 2 2 1 4 4 2 5 5 4 3 4 4 4 5
60436010 5 3 4 3 4 5 5 4 3 4 5 6 2 5 4 4 5 6 3 2 5 4 3 3 5 6 6 3 4 2 5 6 4 6 5 5
60492010 1 1 1 1 1 1 1 1 3 1 1 1 1 3 1 6 6 6 1 1 2 3 1 5 4 1 1 4 3 3 1 6 6 6 4 2
60492011 2 1 4 1 3 4 2 1 2 1 4 2 2 2 1 5 3 6 4 2 3 3 4 3 4 4 4 4 4 3 1 5 5 5 1 2
60537020 1 1 4 2 3 2 4 2 5 5 5 4 5 5 2 2 4 5 2 4 2 6 1 4 5 5 1 5 5 5 2 4 5 5 2 6
60723020 3 4 3 2 2 1 1 1 2 1 1 1 4 2 3 3 3 4 5 4 2 3 4 6 6 6 4 2 1 2 4 5 4 4 4 4
60788040 2 1 1 1 4 6 4 5 1 1 1 1 5 1 1 5 6 1 6 5 5 4 6 5 5 5 6 6 4 3 1 4 5 5 4 6
60807010 6 1 1 1 1 1 1 1 1 1 1 1 5 3 5 4 5 5 2 2 1 2 3 1 3 4 6 6 5 2 5 6 6 4 4 6
60894010 3 3 3 1 4 3 4 3 2 3 2 1 4 3 3 4 4 3 4 5 4 3 5 2 4 4 4 4 4 2 4 5 4 4 4 5
60894040 4 3 3 3 3 3 3 4 4 1 1 1 3 3 3 3 4 4 4 4 4 4 4 4 4 4 4 4 4 3 4 4 4 4 4 5
61050021 6 3 4 3 1 5 1 3 2 4 4 4 6 2 2 1 2 2 5 6 5 3 4 1 5 5 6 6 6 5 4 1 4 4 6 6
61060010 5 5 1 1 3 1 1 1 1 1 1 1 4 4 1 3 4 5 4 1 5 6 2 1 5 2 2 2 1 2 2 4 4 4 6 6
61226020 3 5 5 5 4 3 3 2 3 6 6 6 5 3 4 1 3 4 5 5 5 6 5 4 5 5 6 6 4 5 4 1 2 1 2 2
61230040 3 2 4 2 3 1 3 1 4 2 2 3 5 3 2 2 5 5 5 5 4 4 1 3 5 5 4 6 5 3 2 5 5 5 5 6
62129010 4 4 4 4 5 1 1 1 4 6 1 1 6 5 5 2 2 2 5 5 6 6 1 6 6 6 1 1 6 6 6 6 6 6 6 6
62295010 2 1 2 3 3 1 3 3 3 1 1 4 4 5 1 4 4 6 5 4 2 5 1 5 4 5 3 3 4 5 4 5 4 4 4 3
62295020 2 1 2 3 4 1 3 2 1 1 2 2 3 5 1 3 5 4 4 6 3 6 1 5 5 5 2 5 5 5 1 2 5 4 5 5
63559030 6 6 6 6 2 2 2 2 6 1 1 1 6 1 5 5 5 5 5 5 5 5 5 6 6 6 6 6 4 5 1 5 6 6 4 2
64343010 5 5 1 1 1 2 1 1 3 5 4 4 3 5 2 5 5 5 5 5 2 5 5 4 5 6 2 3 5 4 4 4 1 1 4 2
64343020 1 2 1 1 1 2 1 2 2 2 2 2 4 5 5 2 2 5 5 5 6 2 2 1 4 4 5 6 6 5 4 1 1 6 5 6
64609010 1 1 1 1 2 1 2 3 1 1 2 2 1 4 2 5 5 5 2 2 1 5 1 6 6 6 1 1 4 4 1 4 4 6 5 5
64609040 5 1 1 1 2 1 2 2 2 1 2 2 2 3 1 3 4 6 5 5 6 5 5 1 1 3 6 6 3 4 2 2 1 3 6 6
64609043 4 4 4 3 3 3 3 3 2 1 3 4 4 1 3 1 3 3 5 5 3 4 4 2 2 2 4 4 4 2 3 4 2 4 4 4
65015010 6 6 6 1 6 6 6 6 1 5 2 1 2 5 6 1 6 6 6 6 4 6 1 6 6 6 1 1 4 6 4 6 6 6 5 6
65511010 1 1 1 1 1 1 1 1 2 2 2 1 2 6 1 2 6 6 1 3 5 6 1 4 4 5 3 5 3 3 1 2 5 5 4 4
65586040 2 1 2 1 2 1 1 1 3 1 1 1 4 3 1 2 5 3 3 1 5 4 1 1 3 3 5 4 2 5 1 5 5 3 5 4
65831020 5 1 1 1 1 1 1 1 2 1 1 1 2 5 4 6 5 6 4 4 4 5 4 6 6 6 2 2 4 3 4 6 4 6 4 4
66011010 4 3 4 3 5 1 2 1 4 2 5 5 6 3 4 4 3 3 5 5 5 4 3 4 4 4 5 4 4 4 2 4 5 5 3 2
71057020 4 3 3 2 6 4 6 4 3 4 4 3 4 5 5 5 4 5 6 6 6 1 1 1 3 2 6 6 4 4 5 2 4 4 6 6
71258010 2 1 2 1 5 5 5 3 1 1 1 1 1 5 2 2 4 5 5 2 5 5 5 4 2 5 5 4 4 5 2 5 5 6 3 2
71258020 1 1 1 1 1 1 1 1 1 1 1 1 5 6 5 6 6 6 5 1 5 6 5 6 6 6 5 1 5 6 5 6 6 6 5 1
71305010 4 2 4 3 3 1 2 1 5 2 2 2 1 6 1 5 3 6 5 5 4 6 1 5 2 6 5 4 1 1 6 5 5 5 2 5
71483020 1 1 2 2 1 1 1 1 1 1 2 2 4 4 1 2 4 6 5 5 4 3 4 4 5 6 4 5 4 3 3 4 5 6 5 5
72000030 1 1 1 1 2 1 3 2 2 1 2 1 1 6 1 5 4 6 5 1 5 5 2 5 4 5 4 4 1 5 1 5 5 6 5 3
72350010 1 1 1 1 1 1 1 1 1 1 1 1 3 4 1 5 4 6 4 2 2 5 1 5 6 6 2 2 4 5 2 5 5 6 2 2
72350011 1 1 1 1 1 1 1 1 1 2 1 1 2 5 1 5 5 5 2 1 2 5 1 5 6 6 1 2 2 5 1 5 5 6 5 4
72378040 1 1 1 1 1 1 1 1 1 1 1 1 1 6 1 6 6 6 1 2 1 6 1 6 5 6 1 1 1 6 1 6 6 6 1 1
72754020 6 4 6 6 6 5 5 5 6 6 6 6 6 5 5 1 1 1 4 6 4 1 4 1 2 3 3 6 5 1 5 1 1 2 5 6
72756010 1 1 1 1 1 1 1 1 1 1 1 1 1 5 1 6 5 6 2 1 1 1 6 6 6 6 5 1 1 2 1 6 5 6 4 3
72756020 1 1 1 1 2 1 1 1 1 1 1 1 1 5 1 6 6 6 2 1 4 5 1 5 5 5 4 2 4 4 1 6 5 6 4 2
72954021 5 6 6 5 5 3 4 4 5 5 5 5 5 5 1 5 2 4 4 5 5 6 1 5 2 3 4 6 4 5 1 6 5 5 5 5
73049020 1 1 1 1 1 1 1 1 1 1 1 1 1 6 1 6 6 6 1 1 1 6 1 6 6 6 1 1 2 6 1 6 6 6 1 1
73050020 6 6 2 1 3 1 2 2 6 1 5 1 1 3 3 3 3 5 5 4 1 3 1 4 4 5 5 6 1 4 1 5 5 6 4 6
73108011 3 3 4 4 2 2 3 3 1 2 3 3 4 3 2 3 4 4 5 4 4 4 2 5 5 4 4 4 5 4 3 5 4 5 6 6
73118020 2 1 4 3 2 1 1 1 2 3 3 3 5 1 2 1 2 2 5 5 5 1 5 1 1 1 5 6 5 1 6 1 1 1 6 6
73331010 1 2 2 1 1 1 3 2 1 4 2 2 4 3 2 5 5 4 4 5 4 3 1 4 4 4 4 5 3 3 2 4 4 5 4 4
73361010 1 1 1 1 1 1 3 1 1 1 1 1 1 4 1 5 4 2 1 4 1 2 1 6 6 6 1 1 1 5 1 4 6 5 1 1
73406011 1 1 1 1 1 1 1 1 1 1 1 1 1 6 1 2 6 6 1 3 1 6 1 3 6 6 1 4 1 2 1 5 6 6 1 4
73457020 1 1 1 1 2 1 1 1 1 2 1 1 4 2 5 2 4 4 3 5 4 2 2 3 2 2 6 6 6 2 6 1 1 1 6 6
73528010 5 3 2 3 4 1 4 4 1 4 5 5 4 5 4 1 2 4 4 5 5 3 4 2 3 4 5 4 4 3 4 1 2 5 5 6
73575020 3 2 2 2 2 1 2 1 1 1 1 1 5 4 1 5 4 4 4 4 3 3 2 5 5 2 6 5 1 6 1 6 6 6 5 2
73575030 3 3 3 2 3 3 2 2 4 5 5 4 5 6 3 6 2 4 5 5 6 3 6 4 1 2 6 6 5 1 5 2 2 2 6 6
73853010 6 6 6 6 1 6 6 6 1 1 1 1 1 6 1 6 6 6 4 4 1 6 1 4 5 5 6 4 1 2 1 2 2 4 4 4
73853040 2 1 1 1 1 1 1 1 1 1 1 1 1 3 1 6 6 6 1 2 1 3 1 5 5 5 1 2 1 3 1 6 6 6 1 4
73878010 2 4 4 3 4 3 4 2 4 4 4 4 5 5 5 3 4 5 5 6 4 5 2 3 4 5 5 6 5 5 5 4 4 5 5 5
73920010 2 1 2 2 1 1 1 1 2 1 2 1 2 3 1 5 5 5 1 5 4 2 1 6 5 6 4 4 4 1 2 4 4 6 4 4
73920020 5 5 5 5 3 3 3 2 5 3 2 2 2 3 1 5 5 5 5 5 3 5 1 5 5 5 2 3 3 4 3 4 4 4 5 6
74053010 2 3 4 2 2 2 2 2 2 3 3 3 4 5 2 2 4 3 3 4 3 4 4 2 4 3 2 4 3 3 4 3 4 4 2 5
74105020 1 1 2 1 1 1 1 1 1 1 1 1 4 6 1 2 5 5 4 5 3 4 3 3 3 5 5 3 3 5 1 5 5 5 3 2
74258010 2 2 3 3 2 2 4 2 3 4 3 3 4 3 4 4 3 4 4 4 4 3 4 2 2 4 5 4 4 3 4 4 3 4 4 3
74258020 1 1 1 1 1 1 2 1 1 1 1 1 5 4 1 5 6 6 4 4 1 2 1 6 6 5 2 4 5 6 1 6 5 6 1 4
74297040 2 1 2 1 3 2 2 2 2 2 2 2 2 2 1 2 5 5 1 3 4 5 2 2 5 5 2 2 4 2 1 6 6 4 1 2
74321010 1 1 1 1 1 1 1 1 1 2 1 1 4 5 1 5 5 5 1 4 1 5 1 5 6 6 2 1 2 5 2 2 2 1 1 6
74321020 1 1 3 2 1 1 1 1 1 2 2 2 4 3 3 2 5 5 2 4 4 5 2 5 5 5 1 5 5 2 2 2 3 2 5 4
74331010 2 1 4 1 1 1 1 1 2 1 4 3 3 4 1 6 6 5 2 4 4 5 1 6 6 6 5 4 3 3 2 3 4 4 4 4
74995010 4 5 4 5 1 2 1 1 5 4 5 3 6 5 5 1 1 5 5 5 4 5 5 2 5 5 5 5 4 3 3 2 2 3 5 5
75371010 2 1 2 1 2 2 2 1 3 2 4 2 4 3 2 3 4 4 5 4 3 2 3 2 4 4 5 4 2 2 1 2 4 4 5 2
75406010 3 3 2 2 5 4 4 3 3 6 5 4 2 5 3 2 2 4 1 6 3 4 3 1 4 5 6 6 5 4 5 6 3 5 4 6
75417010 1 1 2 1 1 1 1 1 3 2 2 2 4 5 2 5 6 6 3 5 4 3 3 5 6 6 4 3 5 2 3 2 5 4 4 4
75456010 3 2 3 3 2 4 2 2 3 5 5 5 2 3 2 2 3 3 2 2 5 6 5 5 3 3 5 5 5 4 4 4 3 3 4 4
75513010 1 1 1 1 1 1 1 1 1 1 1 1 1 6 1 6 6 6 2 1 1 6 1 6 6 6 1 1 1 2 1 5 5 5 5 1
75573040 1 1 1 1 1 1 1 1 1 2 1 1 1 6 1 6 6 6 1 1 1 5 1 2 6 6 1 4 2 2 1 5 6 6 2 4
75765020 4 2 3 2 5 4 4 4 3 5 3 3 4 4 1 5 4 5 4 5 4 4 3 3 3 4 5 5 2 5 2 5 6 6 3 3
75831010 1 1 1 1 5 4 1 1 4 4 2 4 4 6 1 5 5 6 1 4 4 5 4 3 5 5 4 2 1 2 2 2 3 4 4 4
75831040 1 1 1 1 2 1 1 1 1 1 1 1 5 5 1 4 5 5 1 1 5 5 4 5 5 5 1 3 3 5 1 5 4 5 1 4
75897030 5 1 2 1 2 1 2 1 6 1 2 1 5 2 1 4 6 3 4 4 2 5 1 2 6 4 3 5 4 2 5 1 5 3 4 5
75932020 2 3 3 2 1 4 4 4 2 3 3 2 3 5 1 3 3 5 2 4 4 3 2 3 2 5 2 4 5 5 1 2 4 5 2 4
75940010 2 2 2 2 6 6 6 6 5 6 4 5 2 2 2 2 2 2 2 2 1 4 3 1 1 4 4 1 3 4 6 4 4 6 4 4
76110010 1 3 3 3 2 1 2 1 3 4 4 4 1 6 2 6 6 6 2 2 1 5 1 6 6 6 1 1 5 5 1 6 6 6 2 2
76110040 4 3 3 3 2 1 2 1 2 4 4 4 1 6 2 6 6 6 2 2 1 5 1 6 6 6 1 1 4 6 1 6 6 6 1 1
76124010 1 1 1 1 1 1 1 1 2 1 1 1 2 3 2 2 4 3 4 4 3 2 1 2 2 2 5 4 3 2 4 4 3 4 5 5
76203010 6 4 1 1 2 6 6 6 3 4 2 1 3 6 1 6 6 6 2 2 5 5 1 3 5 5 5 2 4 4 1 4 5 5 5 4
76509010 2 1 1 1 2 1 1 1 2 1 1 1 1 3 1 5 5 6 1 1 1 2 1 5 5 5 2 4 2 3 3 4 4 4 4 4
76617010 1 1 2 1 1 1 2 1 1 1 1 1 2 5 1 6 5 6 1 6 1 2 1 6 5 6 2 1 2 1 1 6 5 6 1 1
76637020 2 1 2 2 1 1 1 1 2 1 1 1 4 3 4 3 4 5 4 2 5 4 5 2 2 2 5 5 2 3 2 3 4 5 1 2
76656010 1 1 2 2 2 1 1 2 2 5 1 2 5 3 1 5 5 6 4 2 1 3 1 6 5 6 5 4 3 4 1 5 6 6 4 2
76717020 1 1 1 1 3 1 1 4 1 2 3 2 5 6 1 2 5 2 4 6 2 3 1 2 1 1 5 5 5 3 4 1 4 1 4 6
76782010 3 2 3 2 1 3 1 1 1 6 1 1 4 5 3 2 2 2 3 2 5 4 2 4 4 4 4 5 3 4 2 3 4 4 3 4
76821010 1 1 1 1 1 1 1 1 1 1 1 1 1 6 1 6 6 6 1 6 1 6 1 6 5 6 2 1 1 6 1 6 6 6 6 1
76821012 2 1 2 1 1 1 1 1 1 1 1 1 3 5 1 6 4 5 1 2 1 1 1 6 6 5 4 4 2 5 1 5 5 5 2 3
76839010 2 1 2 2 1 1 1 1 1 1 2 1 3 3 2 5 5 5 4 4 4 3 2 4 4 6 3 4 4 2 2 5 5 6 5 2
76839040 2 1 1 2 1 1 1 1 3 3 3 2 4 4 4 4 4 4 4 5 4 3 1 6 6 6 5 5 4 3 3 4 4 4 5 5
76856010 1 1 1 1 1 1 1 1 1 1 1 1 4 6 3 6 6 6 5 5 1 3 1 1 6 5 1 4 1 6 1 5 6 6 1 1
76894010 5 1 1 1 2 2 2 1 1 2 1 1 4 5 1 6 6 6 5 2 3 4 1 5 5 5 3 5 5 4 4 1 3 3 6 5
76894020 1 1 1 1 2 1 1 1 1 1 1 1 4 5 2 4 4 5 5 5 4 3 1 6 5 6 4 3 3 5 1 3 6 6 1 4
76941010 1 1 1 1 2 1 1 1 1 1 1 1 5 2 4 6 6 5 3 1 4 3 2 5 2 5 4 4 5 2 1 2 5 6 5 4
77047020 2 1 1 1 1 2 1 1 1 2 1 1 2 2 1 6 6 5 4 2 5 2 1 1 6 6 4 4 4 5 1 1 3 3 5 6
77047021 1 1 1 1 1 1 1 1 1 1 1 1 1 6 1 6 6 6 1 1 1 6 1 6 6 6 1 1 1 1 1 6 6 6 2 1
77057010 2 2 2 1 3 2 3 2 4 2 4 2 2 3 1 3 6 6 4 4 5 2 4 4 4 5 6 6 5 1 4 3 3 4 6 5
77327010 1 1 1 1 1 1 2 1 1 1 1 1 1 4 1 5 5 5 5 4 2 2 1 5 5 4 6 6 2 6 1 5 4 3 5 6
77327040 1 1 1 1 1 1 1 1 1 1 1 1 3 6 1 6 6 6 2 4 4 5 1 6 6 6 4 2 4 5 1 6 6 6 5 3
77401020 3 1 1 1 2 2 2 2 4 5 4 1 4 4 4 4 4 4 5 5 4 3 3 4 3 4 4 3 4 3 1 4 3 5 4 2
77439010 3 2 2 1 4 2 3 1 1 1 1 1 5 2 1 4 3 4 5 5 3 5 2 4 3 4 3 5 2 2 1 5 4 2 5 4
77502040 3 2 2 3 1 1 1 1 4 2 1 1 4 6 3 1 5 6 2 4 2 5 2 1 6 6 5 2 2 3 3 2 4 5 3 4
77526010 2 1 1 1 5 1 1 1 6 3 4 1 1 2 1 6 5 6 3 4 5 2 1 6 2 4 6 4 4 1 4 5 2 2 6 6
77534040 4 1 2 2 1 1 1 1 1 1 1 1 4 1 1 2 2 2 2 5 3 5 1 3 4 5 4 3 1 5 1 5 4 3 2 2
77540020 3 3 3 2 2 1 1 1 1 1 2 1 5 4 2 5 3 2 3 4 4 4 3 3 3 4 4 4 4 3 3 4 5 4 4 4
77614010 1 1 1 1 1 1 1 1 6 6 6 6 4 3 1 6 4 5 6 4 4 3 3 2 4 3 6 4 6 1 6 1 1 1 6 6
77614040 2 1 2 1 1 1 1 1 2 1 2 1 3 4 2 4 4 4 4 4 3 4 1 5 4 5 4 3 4 3 2 4 2 5 5 4
77786020 1 1 1 1 1 1 1 1 1 1 1 1 5 6 1 6 6 6 1 5 1 2 1 6 6 6 2 1 1 5 1 6 6 6 5 2
77849010 1 1 1 1 2 1 3 2 1 2 2 1 2 3 1 5 4 6 4 5 3 4 1 5 5 6 5 6 3 4 1 4 4 5 2 6
77849020 1 1 1 1 2 1 3 1 2 2 2 1 3 3 1 3 4 5 2 4 4 3 2 4 4 5 4 4 4 4 2 3 3 4 5 4
77866010 2 1 2 1 6 1 2 1 3 2 1 1 4 2 4 3 2 4 4 5 4 4 4 4 5 4 6 5 3 5 3 5 4 5 3 4
77940020 2 1 2 1 1 1 1 1 1 1 1 1 5 1 5 6 6 5 5 1 5 2 2 6 6 6 5 1 5 2 1 6 6 6 6 4
77994020 2 1 1 1 4 3 3 2 1 3 3 3 3 6 1 6 6 6 5 5 5 6 2 5 5 5 4 4 5 6 2 5 5 5 5 5
78211010 1 1 1 1 1 1 2 1 1 1 2 1 5 6 1 3 5 4 1 4 4 5 1 3 4 4 1 5 5 6 1 2 3 3 4 4
78253010 2 1 1 1 2 2 1 2 1 3 3 1 4 5 1 6 5 6 4 1 1 5 5 6 5 6 2 1 2 2 1 6 5 5 3 5
78253040 1 1 1 1 1 1 1 1 1 1 1 1 4 5 1 6 5 5 1 1 5 4 1 5 6 6 5 5 2 5 1 6 6 6 2 1
78322010 3 1 4 1 5 6 4 6 3 1 3 3 4 5 3 3 4 4 1 2 5 6 1 6 5 6 5 4 4 2 2 3 4 2 4 2
78384040 1 1 1 1 2 1 2 1 1 1 1 1 5 5 5 6 5 5 1 1 2 5 1 6 5 5 2 5 1 2 1 6 6 6 1 1
78384041 1 1 1 1 1 1 1 1 4 1 1 1 1 1 4 4 1 4 3 5 4 1 5 4 5 5 4 5 1 1 6 6 6 6 1 1
78443011 5 5 4 3 5 2 3 3 4 6 5 4 4 2 3 6 4 2 5 5 5 2 3 5 4 5 6 5 5 1 5 6 3 3 6 5
78495010 1 1 1 1 1 1 1 1 1 1 1 1 1 5 1 5 6 6 1 1 5 5 1 5 6 6 1 2 1 3 1 6 6 6 4 4
78716011 1 1 1 1 2 2 2 1 1 1 1 1 3 4 1 5 6 5 2 2 4 3 2 4 4 4 2 4 4 5 3 5 5 5 3 3
78760010 4 4 1 2 3 3 3 4 6 5 5 4 3 6 2 5 4 4 5 3 4 2 3 4 3 4 3 4 4 4 3 2 3 4 3 6
78840010 1 1 2 1 1 1 3 2 3 1 3 2 1 4 1 5 5 6 3 1 1 4 1 3 5 6 2 1 5 4 1 4 5 6 3 3
78933020 2 1 3 3 3 1 2 2 3 3 3 1 5 2 5 1 3 3 5 5 5 1 5 1 3 2 6 4 4 2 4 3 3 3 5 5
78989010 1 1 1 1 1 2 1 2 1 2 2 2 2 5 3 5 5 5 3 4 5 3 3 5 5 5 4 4 4 5 2 3 4 5 5 4
78989040 2 1 1 1 3 2 2 2 3 2 2 2 2 3 3 2 5 4 3 5 4 3 4 3 2 2 5 5 4 3 4 2 3 3 5 5
79076020 1 1 1 1 1 1 1 1 2 3 2 2 5 4 1 5 5 5 2 6 2 3 1 4 4 4 4 4 5 5 3 5 5 5 5 5
79180011 2 1 1 1 4 1 2 2 3 1 2 2 5 4 1 4 4 5 2 4 2 2 1 3 5 5 2 2 2 2 2 4 3 5 6 6
79226020 2 4 3 2 1 3 1 1 1 3 1 1 4 4 2 6 5 6 4 4 5 4 3 5 6 6 5 2 6 4 1 6 3 5 6 3
79226021 2 1 1 1 2 2 2 1 2 1 2 1 2 5 4 3 5 5 6 4 2 4 2 6 6 6 5 2 5 1 5 4 2 5 6 5
79226030 1 1 1 1 2 1 2 1 3 1 6 6 6 5 1 1 1 2 3 6 1 2 1 1 2 5 4 6 5 5 1 1 2 6 4 3
79230020 6 6 6 6 3 6 6 1 2 1 1 1 1 1 6 1 1 1 6 6 6 4 1 6 6 6 1 1 1 3 1 5 5 6 5 4
79433020 3 3 3 3 2 2 2 2 2 2 2 2 4 2 3 5 3 4 4 4 3 2 3 5 3 4 4 3 3 3 2 3 4 4 4 3
79450010 3 4 1 6 3 1 4 3 1 4 3 4 1 2 2 5 5 5 5 3 3 2 3 4 4 4 4 4 6 1 1 5 4 6 6 6
79669010 2 1 2 2 5 6 6 6 3 3 4 1 5 4 3 5 5 6 2 5 5 4 3 3 3 2 5 4 4 4 4 2 4 5 4 4
79955010 1 1 1 1 1 1 3 1 1 2 1 1 4 4 1 4 5 5 2 1 4 3 1 1 5 3 4 4 4 3 1 5 5 5 2 4
79991010 1 1 1 1 1 1 1 1 1 1 2 1 1 5 1 5 2 6 4 3 4 4 2 5 3 6 3 3 3 4 1 5 5 6 2 3
80000010 2 1 4 1 1 1 2 1 1 1 1 2 4 4 2 5 3 5 2 2 4 6 1 5 3 6 4 4 2 2 2 3 5 5 5 4
80075020 4 3 3 3 4 4 5 4 1 1 1 1 4 3 3 4 2 4 4 4 4 4 3 3 4 4 4 4 5 6 1 5 5 6 5 4
80116020 1 1 1 1 1 1 1 1 1 1 1 3 5 3 1 1 3 3 4 4 4 5 1 1 4 5 5 4 3 2 3 5 2 4 6 4
80169010 6 4 5 1 3 2 3 3 1 5 4 1 4 5 4 3 5 5 3 2 6 5 4 4 3 5 5 5 4 5 3 2 1 5 3 2
80204010 1 1 1 1 1 1 1 1 1 5 2 1 3 3 1 5 5 6 2 2 2 5 1 4 5 6 2 5 4 4 4 1 3 5 3 3
80248010 2 1 2 1 2 1 5 1 2 1 1 1 4 5 1 5 3 5 2 4 5 6 1 5 5 5 3 2 5 5 1 3 4 5 3 3
80339010 5 4 4 5 3 3 3 2 2 4 3 3 4 5 4 5 2 5 5 4 3 5 4 4 4 4 4 4 3 5 4 4 4 4 5 3
80339040 2 2 2 2 1 1 1 1 1 2 1 1 3 6 1 5 3 5 3 3 1 6 1 6 6 6 1 1 1 6 1 6 6 6 2 2
80353040 5 6 5 5 5 5 5 5 2 6 6 6 4 6 1 5 5 6 4 5 5 5 5 5 5 5 4 4 5 6 1 6 6 6 6 6
80715020 3 3 2 1 3 3 2 2 2 3 3 1 4 2 2 3 4 5 3 5 4 5 2 2 5 3 6 6 4 1 2 2 5 3 5 6
80860020 4 5 5 2 3 2 2 1 5 4 4 2 4 2 4 4 5 4 4 6 3 4 2 3 3 4 4 4 4 5 3 4 5 3 5 6
81034040 1 1 1 1 1 1 1 1 1 1 1 1 2 5 1 3 6 5 4 4 2 3 1 4 6 5 1 2 4 1 4 3 4 3 5 4
81059020 1 1 1 1 1 1 1 1 3 2 4 5 4 4 1 5 5 5 4 4 4 5 1 5 5 5 5 5 5 3 4 3 2 2 5 5
81287040 2 1 1 1 3 3 3 3 1 1 1 1 2 2 1 5 5 5 1 4 5 4 1 4 4 5 1 3 1 3 2 2 5 5 2 1
81342040 3 3 1 2 1 1 1 1 1 1 1 1 2 6 1 5 5 6 1 4 4 5 1 5 5 5 1 3 3 5 1 4 4 4 2 2
81344010 2 1 1 2 2 3 5 2 3 2 1 1 4 5 3 2 5 4 3 3 5 3 3 5 4 6 4 5 3 5 2 4 5 6 4 3
81364010 1 1 2 1 1 1 3 1 1 4 2 1 4 3 1 2 3 5 4 4 4 6 1 5 6 5 5 5 4 5 1 4 4 5 4 5
81420010 1 4 1 1 1 1 1 1 1 1 1 1 2 5 2 3 3 3 4 4 1 3 6 2 3 3 6 6 2 2 4 1 2 1 5 5
81448020 3 3 4 3 1 1 1 1 3 3 3 3 3 6 3 5 5 6 3 4 1 5 4 6 6 6 2 4 1 5 1 6 6 6 3 3
81449040 1 1 1 1 6 1 2 1 2 1 1 1 1 6 1 6 6 6 1 1 2 1 1 2 6 6 1 4 5 6 1 6 6 6 2 1
81452040 6 5 1 1 1 1 2 2 1 6 6 6 5 2 4 1 5 5 5 6 6 1 1 1 1 1 6 6 5 1 6 1 1 1 6 6
81751020 1 1 1 1 3 5 1 1 1 1 1 1 5 6 2 5 6 6 5 4 4 3 4 1 4 4 4 6 4 6 5 6 6 6 1 5
81814010 1 1 1 1 2 1 2 1 1 1 1 1 1 2 1 6 6 6 2 3 2 5 2 6 6 6 5 2 2 3 1 2 6 6 4 3
81814011 2 1 2 1 1 1 1 1 2 1 2 1 4 2 4 2 4 3 4 6 4 3 2 3 3 4 4 6 4 3 1 3 3 3 5 6
81844020 1 1 1 1 1 1 1 1 4 1 2 1 2 2 1 5 5 6 2 2 2 1 1 3 2 5 5 5 5 4 4 1 2 4 4 4
81850010 3 1 1 1 4 2 2 2 1 1 2 1 4 4 2 5 4 6 6 2 1 5 2 5 5 5 6 5 5 5 2 5 6 6 1 6
81850011 3 1 1 1 2 1 1 2 2 3 2 2 2 3 1 5 6 6 4 5 2 2 1 5 6 6 2 5 4 3 3 5 6 4 3 6
81888040 2 2 2 2 5 2 4 6 3 4 4 3 6 4 2 3 1 3 4 4 4 3 3 3 2 4 4 4 6 3 5 2 1 1 1 6
81986010 2 2 4 2 2 5 2 4 2 3 4 4 5 5 4 4 4 4 5 4 5 2 2 2 4 4 5 5 5 4 4 2 4 5 5 4
82397020 1 1 1 1 1 1 1 1 1 1 1 1 5 5 1 4 5 5 4 3 2 5 1 5 5 5 2 4 5 5 1 5 5 6 2 3
82397030 3 1 2 2 3 3 3 3 3 4 1 1 2 6 1 5 6 5 6 5 1 2 1 2 4 3 1 2 4 4 1 4 4 2 3 4
82401020 1 1 1 1 2 2 2 2 1 1 1 1 3 2 2 3 4 4 4 5 2 3 3 3 4 4 4 5 3 2 4 3 3 3 4 3
82479010 1 1 1 1 2 1 1 1 1 1 1 1 5 4 3 4 4 4 3 3 1 6 1 6 6 6 6 6 4 3 3 6 5 6 5 5
82479040 1 2 1 1 1 1 1 1 1 1 1 1 1 6 1 6 5 5 1 1 1 5 1 6 5 6 1 1 4 4 1 6 5 6 4 4
82692010 2 1 2 1 1 1 4 1 2 2 3 2 3 4 3 1 3 2 4 4 5 2 5 3 2 6 1 5 2 4 5 2 2 5 5 5
82796010 3 2 2 1 3 4 2 2 4 4 4 3 5 3 3 2 2 3 4 4 5 5 4 2 4 5 4 3 3 2 2 5 4 4 5 5
82796011 2 1 1 1 1 1 2 2 1 2 2 2 3 3 1 3 5 5 3 4 4 6 1 6 6 6 2 2 4 5 1 3 5 5 2 5
82922020 5 5 4 4 4 5 3 2 5 3 3 4 6 1 6 1 1 1 6 6 6 1 6 1 2 1 6 6 4 1 4 1 1 2 6 6
82989040 2 1 2 1 1 1 1 1 1 1 2 2 2 5 2 5 4 5 2 2 2 5 2 5 4 6 2 2 2 3 1 5 4 5 3 3
83020010 2 1 1 1 1 1 1 1 1 3 2 2 3 4 2 5 5 5 2 2 2 4 1 5 5 5 2 1 3 3 3 5 5 5 5 1
83020020 2 1 1 1 2 2 2 2 2 2 2 2 1 5 1 6 6 6 2 2 2 5 1 6 6 6 3 2 2 5 3 5 6 6 3 3
83032020 3 3 3 3 4 2 3 2 2 2 1 1 1 4 1 3 2 6 4 3 3 3 1 5 6 6 4 2 4 3 3 4 4 6 4 3
83034010 1 1 1 1 2 1 6 1 6 1 2 1 2 5 1 6 6 6 5 5 1 5 1 1 1 1 1 1 4 6 5 4 5 6 3 4
83181020 1 1 1 1 1 1 1 1 1 1 1 1 1 6 1 6 4 6 1 5 4 6 1 6 4 6 1 2 5 6 1 5 5 5 4 4
83227010 1 1 1 1 1 1 1 1 1 1 1 1 4 4 1 1 5 6 5 1 1 6 1 5 5 5 3 2 5 3 3 2 4 3 6 6
83440010 1 6 1 1 5 2 1 1 1 1 1 1 4 3 4 6 6 6 1 3 5 6 6 5 6 6 6 6 1 6 6 3 6 6 6 6
83474010 2 1 2 1 4 1 5 1 1 1 1 1 2 5 2 5 5 5 4 4 2 4 1 5 5 5 5 4 1 3 2 4 4 4 4 4
83535010 4 1 4 3 1 1 1 1 1 1 1 1 5 6 1 4 3 3 5 6 4 4 1 5 2 5 5 5 5 1 2 2 2 2 5 5
83535020 2 2 1 2 1 1 3 3 4 1 1 1 6 4 5 5 4 4 5 6 6 4 1 6 1 1 6 3 4 5 3 4 4 4 5 4
83705020 3 3 4 5 4 3 3 3 4 2 6 3 2 3 5 2 4 4 5 5 6 1 6 1 1 5 6 6 6 1 6 1 1 3 6 6
83789010 3 2 3 2 4 1 3 2 4 2 3 3 4 2 5 3 6 6 5 3 4 3 4 5 4 5 4 4 4 4 4 3 4 3 5 4
83914020 3 2 3 2 4 2 4 4 3 2 3 2 5 4 3 4 3 4 4 4 4 4 3 3 4 4 4 5 4 3 5 3 3 4 5 5
84052010 3 2 2 1 2 2 2 1 4 3 4 3 1 5 6 6 6 6 1 1 4 4 2 4 5 5 3 3 4 4 2 4 3 5 5 4
84135010 1 1 1 1 1 1 1 1 1 1 1 1 1 5 1 6 6 6 1 1 4 5 1 6 6 6 1 1 2 5 2 2 5 5 4 2
84164040 2 3 2 2 2 3 3 3 3 3 2 2 2 4 2 2 5 5 5 4 3 3 2 2 4 4 3 4 4 3 2 2 4 4 3 4
84194010 3 2 2 2 4 6 6 4 4 4 5 5 5 2 2 4 3 4 4 5 4 3 4 3 3 4 5 6 2 2 1 4 4 5 3 4
84201010 2 3 3 3 3 1 4 3 2 1 1 1 4 3 4 5 3 5 4 4 5 5 5 5 3 5 5 5 5 5 4 5 4 4 4 4
84201020 4 4 4 3 2 2 2 2 2 1 2 1 4 3 4 4 3 4 4 4 5 4 4 5 3 5 5 5 2 5 2 6 5 5 5 4
84218040 2 1 1 1 2 1 1 1 3 2 2 1 5 2 1 5 1 5 4 6 6 3 1 3 2 2 3 5 5 5 1 2 1 4 2 5
84311021 6 4 5 2 2 3 3 2 1 2 3 1 5 1 3 1 2 2 6 6 5 2 4 4 3 5 5 6 4 2 1 1 4 5 5 6
84391011 2 2 2 2 2 4 2 2 2 2 2 2 4 4 2 5 5 5 2 3 4 5 4 4 5 4 2 2 3 4 2 5 5 5 5 5
84454021 1 1 1 1 1 1 1 1 2 5 4 3 5 5 5 4 5 5 4 5 4 4 2 5 4 5 5 4 4 5 3 4 4 5 4 5
84455010 2 1 1 1 3 3 2 1 2 4 2 1 5 4 3 4 3 5 3 3 3 2 5 5 4 5 3 6 5 2 5 2 3 4 5 5
84489010 5 4 3 4 3 4 3 3 4 5 4 4 5 3 4 5 5 5 5 5 5 4 4 5 6 5 6 3 4 3 4 3 4 4 5 6
84489020 4 3 4 4 4 4 4 4 4 5 5 5 3 2 4 3 4 4 4 2 2 4 4 4 4 4 1 3 4 3 4 3 4 4 6 6
84492010 6 4 6 4 3 1 1 1 5 6 6 6 6 1 4 1 2 4 6 6 5 3 2 2 3 4 4 4 6 1 6 1 1 1 6 6
84502020 2 1 1 1 3 2 2 2 4 3 3 3 2 4 3 4 4 5 4 4 3 2 3 2 3 3 4 5 4 3 5 3 3 3 4 5
84512010 2 2 2 2 2 2 2 2 3 2 3 2 5 5 4 5 3 5 5 5 4 5 5 4 6 6 4 4 4 2 4 4 4 5 4 5
84512040 1 2 1 1 1 1 1 1 2 2 2 2 4 6 1 4 4 5 2 3 1 5 1 4 4 5 2 3 4 5 1 4 4 4 4 4
84575010 1 1 1 1 1 1 1 1 1 6 6 6 4 5 1 5 5 5 2 4 5 5 5 4 3 4 4 6 4 5 1 6 4 4 3 4
84635040 3 3 3 3 2 2 2 2 4 3 4 4 4 3 4 4 4 4 4 4 5 3 4 6 6 5 4 4 6 1 4 2 2 3 6 6
84776030 5 1 2 2 1 1 2 1 1 3 1 1 1 5 1 1 1 6 1 1 1 4 1 5 1 1 1 6 1 5 1 2 4 6 2 4
84794020 2 1 1 1 1 6 1 1 4 4 4 1 4 5 1 5 5 6 5 5 4 5 1 2 4 6 5 5 5 5 2 3 5 1 2 2
85319040 1 1 1 1 3 1 1 1 2 4 1 1 2 6 1 5 5 5 4 2 3 5 1 6 6 5 3 4 2 4 6 5 5 5 2 4
85372020 5 1 2 1 2 2 2 2 5 1 1 1 5 6 1 6 6 6 2 2 4 5 1 6 6 6 4 4 5 5 1 5 6 6 5 5
85421020 2 2 2 1 1 1 1 1 3 4 3 2 4 5 1 5 4 5 4 4 1 5 2 5 5 5 2 4 3 5 2 4 4 5 5 4
85573021 2 1 2 2 3 1 1 1 1 1 1 1 1 5 1 5 5 5 2 1 2 3 1 5 5 5 1 4 1 3 1 6 6 6 5 1
85630010 3 4 3 4 6 1 2 3 2 3 3 1 4 1 3 5 4 6 5 4 4 1 3 6 3 6 5 6 3 4 5 3 4 5 6 6
85931020 1 3 1 1 1 1 1 1 1 1 1 1 4 1 1 6 5 6 3 3 4 5 1 6 6 6 1 1 4 6 1 6 6 6 5 2
85931030 1 1 1 1 1 1 1 1 1 1 1 1 1 5 1 5 5 6 1 4 1 4 1 4 4 4 2 4 2 4 1 4 4 4 2 2
85992040 2 1 1 1 1 2 1 1 1 1 2 1 1 5 1 6 5 5 5 2 1 5 1 6 5 5 5 2 2 3 1 6 5 5 5 4
86024010 2 2 2 2 2 2 2 2 3 2 2 1 1 4 3 2 3 4 5 5 1 5 1 2 4 6 4 3 4 4 5 3 2 4 5 5
86024020 5 2 2 2 2 1 3 3 2 1 2 1 1 2 5 2 3 5 3 3 4 4 4 6 4 5 4 2 4 5 4 5 3 5 4 2
86324010 2 2 2 2 3 3 3 3 6 2 1 1 4 3 4 3 3 3 4 4 4 3 4 3 3 3 4 4 4 1 1 5 2 4 4 4
86526031 2 1 1 1 2 1 2 1 2 2 2 1 5 2 1 4 5 5 6 6 5 2 1 3 5 5 5 6 4 2 3 2 4 5 5 6
86545020 1 1 2 1 3 2 2 2 2 3 3 2 4 3 4 3 3 4 4 4 5 3 4 3 2 3 4 4 4 1 5 3 3 2 4 4
86545030 2 1 2 1 2 2 2 2 2 5 2 1 4 3 1 5 5 2 2 2 5 2 4 1 3 2 5 4 5 4 4 5 2 3 4 4
86628020 3 1 1 1 2 1 1 1 1 2 5 1 2 5 2 6 5 2 5 4 4 5 1 6 6 6 5 5 5 5 1 6 5 3 5 5
86724020 6 5 5 5 3 3 3 3 6 5 5 5 6 6 6 4 6 1 1 1 6 1 6 6 1 1 6 6 5 1 4 1 3 5 5 5
86777030 1 1 3 1 2 2 2 2 3 1 3 3 4 4 1 3 4 5 1 3 4 4 1 3 3 4 2 4 4 3 2 4 4 4 3 3
86783010 2 1 3 1 5 6 5 6 2 2 2 1 4 2 2 3 3 2 4 4 3 1 2 2 2 2 1 2 4 3 2 4 2 2 4 4
86893010 2 1 2 2 1 1 2 2 2 4 4 3 5 5 1 5 5 5 3 4 5 5 2 3 4 5 2 4 5 5 4 5 5 6 4 4
86894020 1 1 1 1 1 1 1 1 1 1 1 1 2 6 1 6 5 6 1 1 1 6 1 2 2 6 1 1 4 6 1 3 3 6 1 1
87095010 1 1 1 1 1 1 1 1 1 1 1 1 4 3 2 5 5 5 3 4 1 4 2 5 5 5 2 3 3 2 1 5 5 5 4 1
87095020 1 6 6 6 1 1 1 1 1 1 1 1 4 4 2 5 5 5 3 4 2 3 2 5 5 5 4 3 4 3 3 3 3 3 4 4
87278020 2 1 3 1 6 1 6 1 6 4 4 5 4 3 3 5 4 2 6 4 6 6 3 3 1 1 6 1 6 1 6 1 1 1 6 6
87363030 2 1 2 1 1 2 2 1 1 5 1 2 1 3 4 6 6 6 5 5 6 1 4 1 5 5 6 5 2 1 4 1 6 6 5 6
87401010 1 3 3 1 1 1 1 1 5 6 4 5 1 6 1 6 6 6 6 1 2 5 2 4 5 5 2 2 6 1 5 1 1 1 6 1
87401040 1 1 2 1 1 2 1 1 1 1 2 2 5 5 1 3 4 5 4 4 6 4 3 2 3 3 2 5 5 3 2 3 2 3 6 6
87463010 1 1 1 1 1 1 1 1 1 1 1 1 4 5 2 5 5 4 6 6 5 5 1 6 5 6 4 1 5 5 1 5 5 5 4 5
87469020 1 1 1 1 1 1 2 1 1 2 4 2 2 5 1 5 5 6 1 2 2 5 1 5 5 6 1 5 4 5 2 5 5 6 2 4
87549040 1 1 1 1 1 1 1 1 1 4 3 1 4 2 1 6 5 6 5 4 4 1 4 1 3 5 5 5 1 4 4 1 2 5 4 4
87610010 1 1 1 1 1 1 1 1 1 1 1 1 3 6 5 6 3 4 3 5 2 5 1 5 5 5 2 2 5 6 1 6 6 6 3 1
87610040 4 5 2 3 2 3 3 1 1 1 1 1 5 5 5 4 5 5 5 5 4 6 3 6 4 6 4 4 1 3 1 3 6 6 4 2
87631010 3 1 1 1 2 1 2 1 2 1 1 1 4 4 3 4 4 4 4 4 1 5 1 5 4 4 2 4 4 4 3 3 4 4 2 4
87934020 2 2 2 2 2 1 3 2 2 4 3 3 4 3 3 2 4 4 4 4 3 4 4 5 5 6 5 4 6 1 6 4 5 6 6 6
88186010 3 5 3 6 3 5 1 1 5 3 2 1 2 5 3 2 1 4 5 6 5 4 5 6 4 6 5 6 5 3 4 5 2 4 2 6
94741020 3 1 2 1 5 1 5 1 2 2 1 1 1 3 1 6 5 6 5 4 3 5 4 6 5 5 4 3 2 3 5 4 6 6 4 1
95650040 5 2 5 5 2 2 4 4 2 2 2 2 4 6 1 2 3 6 2 2 2 6 2 4 1 4 5 2 2 3 1 2 2 6 3 2
110096010 1 1 2 1 2 1 1 1 1 1 1 1 1 6 1 5 4 5 5 4 3 4 1 5 4 3 4 4 4 5 1 5 3 2 5 5
110398020 1 1 1 1 1 1 1 1 1 2 2 1 2 2 1 6 5 5 2 2 2 4 1 6 6 6 4 2 2 5 1 5 5 6 1 2
110455010 1 1 1 1 1 1 1 1 1 2 2 2 2 4 3 6 5 5 2 1 2 4 2 5 5 5 5 3 4 5 3 4 4 4 4 3
110455020 1 1 1 1 1 1 1 1 2 1 1 1 2 6 1 6 5 5 4 4 1 2 1 6 6 6 1 1 2 6 2 6 6 6 2 1
111640010 5 5 5 1 4 1 2 1 1 1 2 1 2 3 2 2 2 5 6 4 5 3 5 1 4 3 6 5 1 2 5 5 5 5 6 6
111997020 1 1 1 1 1 1 1 1 1 1 1 1 1 4 1 6 6 6 1 2 1 5 1 5 6 6 1 6 1 6 1 6 5 6 1 5
112244021 4 1 2 1 2 1 1 1 1 1 1 1 1 5 1 6 5 5 1 4 2 6 1 5 5 6 2 3 1 5 1 5 2 4 4 4
112752010 1 1 1 1 1 1 3 1 2 1 2 2 1 6 5 4 4 5 1 1 3 6 2 3 5 6 1 1 4 5 2 4 4 5 2 2
112875010 2 2 1 1 5 4 4 1 5 6 4 1 3 2 1 3 3 3 6 6 1 5 1 6 6 6 4 4 1 3 1 4 6 6 5 6
112875020 1 1 1 1 1 1 1 1 1 1 1 1 5 4 1 6 6 6 3 2 1 2 1 6 6 6 2 2 2 5 1 6 5 6 2 2
113396020 6 3 3 3 1 1 1 1 3 1 2 1 1 6 1 5 5 6 4 6 2 1 3 3 4 3 3 3 3 3 1 3 3 6 5 5
113502020 5 5 6 4 5 4 5 4 6 4 4 3 5 2 4 1 4 3 5 5 6 1 3 1 4 3 4 5 4 3 4 4 3 4 4 5
113932020 2 1 1 1 2 2 2 2 2 1 2 1 4 2 2 4 4 5 4 3 4 2 3 6 4 4 3 5 4 3 2 4 4 3 4 5
114088010 1 1 1 1 1 1 1 1 1 1 1 1 1 6 1 6 6 6 1 1 1 6 1 6 6 6 1 1 1 3 1 6 5 6 1 5
114169010 4 1 2 3 6 1 2 1 3 3 3 1 5 5 1 5 4 6 1 1 2 6 1 6 5 6 1 1 5 5 4 4 5 6 5 4
114348010 2 1 2 3 3 2 4 2 2 2 2 2 4 5 4 5 5 4 4 4 2 2 4 5 5 6 4 4 1 3 2 5 5 5 2 4
114348020 1 1 1 1 5 1 4 2 1 2 4 4 4 5 6 6 6 5 5 6 4 3 1 2 4 2 5 2 6 2 2 3 2 4 5 5
114508010 4 3 3 1 6 1 2 1 1 1 1 1 2 6 6 5 5 5 2 6 2 5 1 5 6 5 1 6 1 5 1 5 5 5 5 5
114508020 2 1 1 1 1 1 1 1 2 1 1 1 1 6 1 4 2 2 1 1 2 2 5 2 3 3 1 2 1 6 1 3 3 4 1 1
114563020 1 1 1 2 2 2 2 2 1 1 1 1 1 6 1 6 4 5 1 3 3 6 2 6 3 5 2 4 1 3 1 6 3 5 3 3
114717010 1 1 1 1 1 1 2 1 5 1 2 1 1 6 1 6 5 6 1 1 2 2 1 1 2 1 3 2 3 4 3 5 5 5 5 3
115355010 1 1 2 1 1 1 1 1 1 4 2 1 4 5 2 4 3 5 4 6 2 5 3 2 3 5 2 6 5 4 1 5 2 4 4 5
115355020 1 1 1 1 4 2 2 2 1 1 1 1 4 4 3 4 3 4 4 4 5 2 2 3 2 3 5 5 5 1 5 2 1 1 6 6
115702010 1 1 1 1 1 1 1 1 1 1 1 1 2 6 1 6 6 6 1 2 1 6 1 6 6 6 1 1 1 5 1 5 5 5 4 1
115702020 1 1 1 1 1 1 1 1 1 1 1 1 1 6 1 6 5 5 1 1 3 6 1 6 4 5 1 4 3 5 2 5 3 5 2 2
115925010 1 1 1 1 1 1 2 1 1 1 1 1 2 4 1 6 4 4 2 3 2 3 1 5 5 6 2 4 2 4 1 5 5 5 2 3
115925020 6 1 1 1 1 1 4 2 4 3 3 1 2 6 1 5 5 3 3 3 3 3 2 5 5 3 4 4 2 5 2 5 5 3 5 4
116768010 2 1 3 2 1 1 1 1 3 3 1 1 4 4 1 4 3 6 4 5 1 4 1 5 4 4 4 2 3 5 1 6 6 6 2 2
117044010 1 3 1 1 1 1 1 1 1 1 1 1 5 5 1 6 5 6 4 4 1 5 1 5 2 6 3 3 5 5 1 6 5 6 4 1
117144020 2 5 2 2 2 1 1 1 2 4 4 2 1 5 1 6 5 5 1 4 4 5 1 6 5 2 2 4 4 5 2 3 5 5 2 4
117144021 1 1 1 1 1 1 1 1 1 1 1 1 2 6 2 6 5 5 2 4 1 5 1 6 5 6 1 5 3 2 2 5 5 5 2 2
117245010 6 1 1 1 1 1 1 1 1 1 1 1 2 5 1 5 5 6 1 1 1 5 1 5 5 6 1 1 4 5 1 2 2 2 5 5
117245020 2 1 1 1 2 1 3 1 4 1 2 1 2 5 1 5 6 6 1 4 2 5 1 5 6 5 1 4 1 2 1 5 5 6 1 5
117310010 5 2 4 4 4 3 4 3 3 4 3 3 5 4 3 4 2 4 4 5 5 5 4 5 4 5 4 5 5 4 3 4 3 4 4 5
117310011 2 4 5 2 4 2 3 4 2 4 3 1 5 5 2 4 1 3 5 6 5 2 5 3 2 2 5 5 5 5 4 2 2 3 6 5
117441010 1 1 2 1 5 2 2 2 1 2 3 2 4 6 1 5 5 5 1 1 1 6 2 6 6 6 2 5 2 6 1 5 5 5 1 2
117662010 4 1 1 1 1 1 1 1 1 1 1 1 4 4 1 4 5 5 1 4 1 3 1 2 3 2 1 3 5 4 2 1 4 4 5 5
117690010 2 2 3 1 1 1 1 1 1 1 2 1 2 6 1 6 5 6 1 3 1 6 1 6 2 6 1 3 1 3 1 6 5 6 1 1
118027020 1 1 1 1 1 1 1 1 2 1 2 1 1 2 1 6 6 6 1 4 1 5 1 5 6 6 1 4 3 5 2 5 5 5 2 5
118027021 1 1 1 1 1 1 1 1 1 1 1 1 5 5 1 4 5 5 3 4 4 4 1 5 6 5 5 6 4 4 1 5 4 5 4 5
118055010 1 1 1 1 1 1 1 1 1 1 1 1 3 2 4 2 4 4 5 5 4 2 3 1 3 4 5 4 5 2 2 2 4 5 4 4
118253010 2 3 5 2 1 1 1 1 2 6 5 5 1 6 1 1 2 6 5 6 5 1 5 1 1 5 6 6 2 1 5 1 2 5 6 6
118253020 1 1 1 1 1 1 2 2 2 1 2 1 1 1 1 2 2 5 2 1 5 6 1 1 5 6 1 6 6 5 3 4 1 6 1 5
118337010 5 4 4 3 6 6 6 4 5 4 4 4 1 3 2 4 4 4 4 4 3 2 2 1 4 4 4 6 1 2 2 2 5 5 6 6
118444010 3 5 4 3 3 2 5 3 5 3 2 5 5 3 2 3 4 3 5 5 3 6 1 2 5 5 4 2 3 4 3 4 4 4 5 5
118444011 3 2 3 3 2 3 2 3 1 2 3 3 4 6 3 5 2 2 1 2 6 1 1 5 1 1 1 5 6 6 1 3 1 1 1 5
118995020 2 1 1 1 6 1 1 2 1 1 1 1 3 3 4 2 5 5 4 4 1 5 5 5 5 5 5 5 5 5 2 5 5 6 5 5
119376010 3 2 3 2 3 2 2 2 4 2 3 2 4 4 3 3 3 3 4 3 4 4 1 5 4 4 4 3 3 4 1 3 3 3 4 3
119448010 3 2 2 2 2 1 2 2 3 2 3 2 4 4 1 5 4 4 3 4 4 5 1 5 5 5 4 4 3 2 2 2 4 4 4 3
120078010 2 2 1 1 1 1 1 1 5 1 1 2 4 3 4 5 2 4 4 4 5 3 4 4 3 2 5 5 2 4 4 3 4 4 6 6
120364010 2 1 1 1 1 1 1 1 2 2 2 2 2 4 4 6 5 5 2 2 2 4 1 5 5 5 1 2 4 4 2 3 4 4 4 4
120372010 1 1 2 1 1 1 1 1 5 5 2 1 2 5 1 5 5 4 2 2 5 6 1 5 5 4 5 4 4 5 4 4 4 3 4 4
121006020 1 1 1 1 1 1 1 1 1 1 1 1 2 6 1 6 6 6 1 2 1 6 1 6 6 6 1 1 1 6 1 6 6 6 1 1
121178010 1 1 1 1 1 1 1 1 1 1 1 1 1 5 1 6 4 4 1 2 1 5 1 6 4 3 1 4 1 3 1 6 5 3 2 4
121197011 1 1 1 1 1 1 1 1 1 1 1 1 1 6 1 6 6 6 1 1 1 6 1 6 6 6 1 1 1 6 1 6 6 6 1 1
121324020 1 1 2 1 1 1 2 1 2 1 2 1 3 6 1 6 6 6 4 2 3 5 1 6 6 5 3 4 4 3 1 6 6 5 4 4
121620010 5 1 4 1 2 1 1 1 6 4 5 3 5 3 2 6 1 1 1 1 5 3 4 6 1 1 2 1 2 4 1 5 1 4 4 6
121740010 2 3 4 2 2 1 1 1 1 1 1 1 5 5 2 4 5 5 2 3 4 6 1 1 1 1 2 4 6 1 3 3 5 5 6 6
121740020 1 1 1 2 4 1 2 2 1 1 1 1 1 4 1 3 4 5 4 2 1 4 1 5 4 6 4 5 2 3 1 5 5 5 2 5
121816020 2 2 2 1 2 1 2 2 3 2 4 2 3 4 2 4 4 4 3 4 4 3 2 2 2 4 2 4 4 3 3 5 5 5 5 5
122005010 3 3 2 2 5 5 4 5 4 4 3 3 4 3 2 4 2 4 4 4 5 2 3 2 2 1 5 6 4 4 2 2 3 4 5 5
122031020 4 3 3 3 5 3 3 3 4 4 2 3 5 5 5 2 2 3 3 3 3 3 3 2 2 3 3 3 4 2 2 1 2 3 4 4
122425010 3 3 5 5 4 5 4 4 4 6 5 5 5 4 4 2 3 3 4 4 4 3 5 2 3 3 4 4 6 1 6 1 2 2 6 6
122425020 2 1 1 1 1 1 1 1 2 1 1 1 2 6 2 5 6 6 2 2 4 5 2 5 5 5 2 4 5 4 5 2 4 5 4 2
122520010 1 1 1 1 1 1 1 1 1 1 1 1 4 3 3 4 4 3 3 5 4 3 1 2 3 5 4 4 4 3 1 5 6 6 3 4
122520020 2 1 2 2 4 4 3 4 1 1 1 1 5 3 4 3 3 5 2 5 5 2 4 2 2 2 5 5 4 2 2 2 6 5 5 6
122525020 5 1 2 2 1 1 1 1 1 1 1 1 2 4 3 4 4 5 3 3 4 3 2 4 4 5 4 2 4 4 1 5 4 5 3 4
122629010 1 1 1 1 1 1 1 1 1 1 1 1 1 5 1 5 5 6 1 4 4 4 1 5 2 6 2 1 1 3 1 6 4 6 1 2
122629020 1 1 1 1 1 2 1 1 1 1 1 1 3 5 1 6 3 5 3 3 3 5 1 6 4 4 2 3 1 4 1 6 5 4 2 1
122669010 5 4 6 6 5 2 3 4 4 5 5 6 4 3 4 3 2 4 4 4 5 5 4 3 4 4 4 4 4 5 4 2 3 5 4 4
122692020 1 1 1 1 1 1 2 1 1 2 2 1 1 5 1 6 6 5 6 2 1 5 1 6 6 6 1 1 1 5 1 5 5 5 4 4
123911010 1 6 1 6 1 1 1 1 1 5 1 1 6 4 2 6 6 6 5 6 6 6 6 6 6 6 6 6 6 6 6 6 1 6 6 6
124074010 2 1 1 1 1 1 1 1 1 1 1 1 1 3 1 6 4 5 2 3 2 5 1 6 5 6 1 1 2 4 1 6 5 5 2 3
124083010 1 1 1 1 1 1 1 1 1 1 1 1 4 5 1 6 4 6 1 4 6 6 1 2 6 6 2 6 5 6 1 4 6 5 6 6
124310010 3 1 3 1 2 2 2 2 4 3 4 4 4 6 1 5 5 6 1 4 3 3 1 5 3 5 2 4 5 4 1 2 3 4 4 4
124310020 1 1 1 1 1 2 2 1 5 1 5 1 2 5 4 3 4 5 2 2 1 2 3 4 3 5 4 4 6 3 4 2 2 2 6 6
124590010 6 5 4 3 5 2 4 3 4 2 2 2 1 2 4 1 1 1 5 5 5 2 6 1 2 2 6 5 5 3 3 2 1 2 5 5
125040011 1 1 2 1 1 1 1 1 6 1 1 1 2 6 1 6 6 6 5 1 5 6 1 5 5 6 4 1 1 1 2 5 6 6 4 1
125088020 4 2 4 2 4 2 4 2 4 4 3 3 5 3 4 4 5 5 4 4 4 4 2 3 4 5 3 4 4 3 3 4 4 4 3 4
130075010 4 1 3 1 4 1 3 2 5 4 3 4 4 5 1 3 3 4 1 2 4 3 1 5 2 5 2 4 6 2 2 2 2 2 6 6
131765010 1 1 1 1 1 1 1 1 1 1 1 1 5 5 1 2 5 4 2 5 1 1 2 4 4 2 6 6 4 1 1 1 6 5 5 6
131765020 2 1 2 2 6 1 1 1 2 4 2 1 6 1 5 1 1 2 5 4 5 1 4 6 5 5 2 5 6 1 5 4 2 1 6 5
132268010 3 3 3 2 3 5 4 4 2 5 3 3 4 4 3 3 4 4 3 4 4 3 5 4 4 3 5 6 5 4 5 3 3 3 4 6
132268011 3 2 2 2 2 4 3 2 1 4 2 2 5 5 4 4 5 5 2 5 5 5 5 3 5 5 5 6 5 5 5 5 4 4 4 5
132682010 5 4 5 4 5 5 5 4 5 5 5 5 4 5 3 2 3 2 4 4 4 3 3 2 2 2 5 4 5 2 4 2 2 3 5 5
132682011 1 2 2 1 2 1 1 1 1 1 2 1 3 5 2 3 4 5 2 2 2 5 1 4 4 5 1 4 2 5 1 3 5 5 1 2
133403020 2 4 6 6 3 1 6 4 2 3 3 3 4 3 3 3 1 4 4 4 3 5 1 5 3 6 1 1 3 3 3 5 3 5 6 5
133510010 1 1 2 1 1 1 4 1 1 1 2 1 5 5 2 3 5 5 3 4 4 5 1 5 5 5 2 4 5 3 1 3 4 4 4 4
133510020 4 2 2 3 4 5 5 4 5 2 4 3 2 3 1 5 5 5 3 5 3 5 2 5 4 5 3 4 5 5 4 2 5 5 5 5
133613010 1 2 2 1 1 3 2 1 2 2 2 2 5 5 3 4 5 5 1 4 2 3 2 4 4 4 3 4 4 3 4 4 3 4 4 5
133613020 1 1 2 1 1 1 1 1 1 1 2 1 2 3 2 4 4 5 5 4 2 2 2 5 5 6 5 4 5 2 4 2 2 5 5 4
134145020 2 2 4 1 1 1 2 1 1 1 1 1 1 2 1 6 6 6 1 1 1 1 1 5 6 5 1 2 1 5 1 5 6 6 1 2
134295010 6 1 1 1 1 1 1 1 1 1 1 1 1 5 1 6 3 4 2 5 4 3 2 6 4 4 3 4 4 3 2 5 4 4 4 4
134295020 5 5 5 4 4 4 4 3 3 3 3 3 6 5 5 1 1 1 6 6 5 2 5 2 1 2 6 6 6 1 5 1 1 1 6 1
135013010 4 2 2 2 2 2 2 2 3 3 2 2 1 5 1 6 5 6 2 4 2 3 2 5 5 5 3 4 2 3 2 5 5 5 3 5
135013020 4 2 2 2 4 2 2 2 2 2 2 2 2 4 3 4 5 4 3 3 2 6 4 4 6 5 4 4 4 3 2 2 3 3 4 4
135073020 1 1 1 1 6 1 1 1 1 1 1 1 2 4 1 4 3 3 4 4 1 3 1 3 5 5 4 5 5 5 1 2 5 5 5 5
135114010 3 2 2 2 3 2 2 2 3 1 1 1 3 4 2 4 4 4 3 3 3 3 3 3 4 4 4 3 4 4 3 4 4 5 3 3
135161010 2 1 1 1 5 4 4 3 3 2 2 2 4 4 3 5 5 5 5 4 5 2 5 1 5 4 5 5 4 3 4 4 3 3 4 3
135161020 2 2 2 2 2 3 4 4 2 1 1 1 4 4 2 3 4 5 4 4 4 5 1 6 6 5 5 4 4 4 4 4 4 4 4 4
135238010 6 1 2 1 1 1 1 1 2 1 1 1 5 5 5 2 2 2 6 5 5 6 5 2 5 6 6 5 5 5 6 1 5 5 6 6
135540020 2 1 2 2 1 1 1 1 2 1 1 1 3 6 4 3 3 3 5 2 4 3 3 3 2 2 5 5 3 5 4 3 4 5 5 4
135792010 1 1 2 1 1 1 1 1 1 1 1 1 4 3 1 6 6 6 2 4 4 4 1 6 6 6 5 6 2 5 1 6 6 6 5 4
135792020 6 1 6 1 1 1 1 1 1 1 1 1 4 2 4 6 6 6 1 5 2 6 1 6 6 6 1 2 2 5 1 6 6 6 2 2
136091010 1 1 1 1 1 1 1 1 1 1 1 1 2 4 1 1 5 5 5 5 1 6 1 5 4 6 1 4 3 5 1 6 4 6 1 5
136091020 1 1 1 1 3 1 2 2 6 1 1 1 2 5 1 5 5 5 1 1 4 4 2 4 4 4 2 2 4 3 1 5 5 5 1 3
136137010 1 1 1 1 3 1 1 1 1 1 1 1 1 5 5 5 5 5 1 4 5 5 4 5 5 4 5 5 5 5 2 6 6 5 4 4
136137020 1 1 1 1 1 1 2 2 2 2 2 2 1 5 1 5 5 6 4 2 4 1 1 5 4 5 5 4 3 4 4 3 4 4 3 5
136162010 1 1 1 1 4 1 4 2 1 1 1 1 2 5 1 6 5 6 1 5 2 3 1 6 5 5 2 5 2 4 1 5 2 6 5 5
137252010 1 1 1 1 1 1 2 1 1 1 1 1 1 6 1 5 6 6 1 1 1 6 1 6 5 6 1 2 1 6 1 5 5 6 1 1
137301010 1 1 1 1 1 1 1 1 1 1 1 1 1 6 1 6 6 6 2 2 1 3 1 6 6 6 2 1 1 3 1 1 5 6 1 1
137301020 2 1 2 2 2 1 2 2 2 2 2 2 3 4 1 4 4 4 2 2 1 6 1 4 4 5 1 2 3 4 1 5 3 4 1 4
137763010 2 1 1 1 2 1 1 1 2 1 1 1 1 4 1 6 5 5 2 1 4 4 4 2 4 5 5 4 3 2 1 5 4 5 5 6
138171010 2 1 1 1 4 2 2 1 2 2 2 1 4 3 4 1 2 3 3 3 2 5 2 1 4 4 3 5 4 5 1 4 3 5 2 2
138178010 3 3 5 2 2 1 5 2 5 5 1 1 1 6 2 5 5 5 5 5 2 2 1 4 5 5 4 5 4 5 1 1 2 5 5 5
138178020 4 2 2 2 4 3 3 2 2 4 2 2 3 1 2 2 4 5 5 5 3 2 2 3 4 4 3 4 4 3 3 2 3 4 3 5
138429010 2 1 3 1 1 1 2 1 2 1 4 1 4 3 3 2 4 4 5 4 3 4 2 4 5 6 5 2 2 3 1 4 6 6 4 2
138472020 6 5 5 2 2 2 2 2 5 4 4 2 5 1 5 2 2 1 5 5 5 3 3 2 3 2 4 4 4 3 3 2 3 4 5 4
138713010 4 1 1 1 2 1 1 1 2 1 1 1 4 2 1 5 6 6 5 4 5 2 3 2 5 5 5 4 2 1 1 5 5 5 6 4
138713020 2 1 2 1 3 2 2 1 2 2 4 2 4 2 4 3 4 4 2 5 4 2 3 3 3 3 3 3 4 3 2 2 3 3 4 5
139135010 1 1 1 1 1 1 1 1 1 4 1 1 1 6 1 6 5 6 6 5 1 5 1 5 6 5 1 5 2 6 1 5 5 6 1 1
139135020 1 1 1 1 1 1 1 1 1 1 1 1 4 4 1 1 1 1 1 4 4 1 4 6 6 6 5 3 2 6 1 1 1 1 4 4
139351011 2 1 1 1 1 1 2 1 1 2 3 1 2 2 2 6 6 6 2 5 1 6 5 5 1 5 4 4 3 5 1 6 2 5 2 3
139834020 4 4 5 5 6 1 5 4 5 5 5 3 4 4 1 5 4 2 5 6 5 1 4 2 3 1 6 6 5 1 3 1 2 1 6 6
139861010 4 2 3 3 6 4 3 5 6 3 6 3 3 2 2 4 3 3 4 5 6 4 4 4 1 6 6 6 3 6 4 2 3 6 5 4
139861020 1 1 2 2 4 5 5 2 3 2 2 2 5 4 2 4 4 5 3 4 5 5 5 4 5 5 5 5 4 4 2 5 4 4 4 5
139864010 2 1 2 1 1 1 1 1 1 2 2 2 3 5 1 2 4 5 1 3 2 5 1 4 5 5 2 2 2 5 1 4 4 5 3 4
139864020 4 1 2 2 1 1 1 1 4 1 2 4 3 5 4 6 6 6 4 4 2 3 2 3 3 4 4 4 4 1 2 5 3 3 4 5
140382010 3 1 2 2 4 4 4 5 4 4 3 4 1 5 2 2 2 2 1 6 5 4 4 3 4 5 5 6 4 5 4 3 2 4 5 6
140382020 5 2 5 2 2 1 1 1 3 2 5 1 3 5 3 4 4 5 4 4 4 4 1 5 5 6 5 5 3 4 2 4 5 5 4 5
140397010 3 1 3 1 2 4 2 1 4 2 4 2 4 5 1 5 3 4 5 5 5 2 3 1 3 2 5 5 4 3 2 2 2 3 4 6
140397020 4 1 3 2 4 1 2 4 2 1 4 5 6 1 4 2 3 4 6 6 5 2 5 5 6 5 4 6 4 1 3 1 6 4 6 6
140411020 5 4 4 2 5 4 4 4 3 5 4 2 6 4 1 2 1 1 2 3 4 3 4 1 3 2 5 5 4 5 4 4 2 3 6 5
140451010 2 1 2 1 2 1 2 1 2 1 1 1 2 3 2 5 4 4 3 4 5 4 2 5 4 5 2 2 3 4 1 6 5 5 3 3
140451020 5 2 2 1 5 5 5 5 4 4 4 4 6 2 4 1 1 2 4 4 5 5 4 3 1 3 2 5 4 5 4 1 3 4 4 4
140555010 4 2 2 2 4 3 3 3 3 3 3 1 4 2 3 4 3 4 4 4 4 2 4 6 5 6 4 4 4 1 4 3 3 4 4 4
140874010 3 4 4 4 3 2 5 2 2 2 2 2 5 4 1 4 4 5 3 4 4 4 1 3 3 4 3 3 3 3 3 3 3 4 4 4
140874020 2 1 1 1 1 1 1 1 2 1 2 2 4 4 2 3 5 5 2 5 4 3 3 2 5 6 2 5 4 4 1 4 4 5 2 5
140895010 2 6 6 6 6 6 6 6 4 5 5 5 6 2 2 1 1 2 5 6 6 1 6 1 1 1 6 6 5 2 5 2 5 2 5 5
141036020 2 1 2 1 1 1 1 1 1 2 1 1 1 1 1 1 1 1 1 2 1 6 1 6 6 6 1 1 1 4 1 6 6 6 5 4
141187010 2 2 1 1 1 2 2 1 2 2 2 1 3 4 3 5 5 5 4 2 4 4 2 2 4 5 2 5 4 4 4 1 4 5 4 2
141455010 1 1 1 1 1 1 1 1 1 1 1 1 1 2 1 6 6 6 1 1 1 1 1 6 6 6 1 1 1 2 1 6 6 6 6 5
141624010 2 1 6 1 2 1 1 1 2 1 1 1 3 4 2 6 3 6 5 4 3 4 1 6 4 4 3 4 3 2 3 4 4 4 4 4
142502010 2 2 2 2 2 1 1 1 2 1 2 2 3 6 1 5 6 6 3 4 4 5 1 5 5 5 4 3 3 4 2 4 2 5 4 4
142502020 1 1 3 2 1 2 4 2 2 1 3 3 1 5 4 3 4 5 5 4 5 5 1 5 5 5 2 2 3 3 3 3 5 5 4 3
142813010 4 2 3 5 4 4 4 3 4 4 2 4 5 5 4 6 5 1 2 6 2 3 4 3 4 4 6 6 3 4 2 1 5 3 4 5
142821010 4 3 4 2 2 2 2 2 1 1 2 1 1 6 1 6 5 5 2 3 4 6 1 6 3 6 1 5 1 6 1 6 5 5 2 5
142821020 2 1 1 1 2 2 2 2 1 1 1 1 2 5 1 5 4 5 2 3 1 5 1 6 5 5 1 1 3 2 1 3 3 3 3 4
143263010 3 4 2 1 2 3 3 2 6 3 3 2 4 2 2 2 2 3 2 2 4 5 2 1 3 4 6 6 5 6 2 1 4 1 1 6
143339010 1 1 1 1 1 1 1 1 1 1 1 1 3 3 1 2 5 5 1 5 3 5 1 4 4 4 2 2 3 3 1 4 4 6 3 4
143600010 5 1 2 2 5 5 4 2 4 1 6 5 5 6 1 5 2 6 2 2 5 4 4 1 1 5 5 6 5 6 1 1 1 5 4 6
143950011 3 3 3 3 5 3 3 3 4 3 4 3 6 1 6 1 1 1 6 6 6 1 6 1 1 1 4 4 5 4 4 3 3 3 4 4
144042020 1 1 1 1 2 2 2 2 2 2 2 2 2 5 2 6 5 5 2 2 2 4 2 4 4 4 3 4 3 3 3 4 4 3 5 4
144267010 1 1 1 1 1 1 1 1 1 1 1 1 1 2 1 2 4 5 2 2 1 6 1 5 5 5 2 2 2 2 1 5 4 4 3 3
144444010 2 1 1 1 1 1 1 1 2 1 2 1 2 5 1 5 4 5 1 5 2 5 1 2 3 4 3 4 1 5 1 5 2 5 1 4
144444020 2 2 2 2 4 2 2 2 3 2 3 2 1 6 1 6 6 6 1 1 2 6 1 6 5 6 1 1 2 6 1 6 5 6 1 2
145073010 1 1 1 1 3 2 2 1 1 2 2 2 2 3 1 5 5 6 4 4 1 4 1 5 6 5 3 5 2 3 1 5 5 5 3 4
145241010 4 3 3 3 4 4 4 5 5 2 3 2 4 1 5 2 1 3 6 5 5 1 2 1 4 5 5 5 4 2 2 1 2 5 6 6
145380020 1 1 1 1 1 1 1 1 2 4 1 1 1 3 1 3 3 4 1 3 1 6 1 5 4 4 4 4 1 6 1 6 6 6 1 1
145412010 2 3 2 2 2 1 1 1 1 3 3 2 4 4 1 6 4 4 4 4 4 2 1 5 3 4 4 4 2 3 1 5 3 4 3 5
145412020 1 1 1 1 1 1 1 1 1 1 1 1 1 5 1 6 6 6 1 1 1 2 1 6 5 6 5 1 5 1 5 4 5 3 5 6
145743010 2 1 3 2 2 1 3 1 2 1 2 2 3 5 1 5 5 5 5 2 3 5 1 5 6 6 4 3 4 4 3 5 4 5 4 4
145751010 2 1 1 1 1 1 1 1 1 2 2 2 2 5 3 4 5 5 3 4 3 5 2 2 5 5 4 2 4 3 2 4 5 5 2 1
145768020 1 1 1 1 1 1 1 1 1 1 1 1 1 6 1 5 5 6 1 1 2 6 2 6 5 6 2 4 3 4 2 5 5 4 2 6
145797010 1 1 1 1 3 2 2 1 1 1 1 1 1 5 1 6 6 6 1 2 1 5 1 6 5 5 1 2 1 6 1 6 4 5 1 5
145927010 2 1 1 1 2 1 1 1 1 1 2 1 4 5 1 2 4 6 2 4 2 6 2 5 5 6 5 4 3 4 3 4 4 5 4 4
145927020 1 1 1 1 2 1 1 1 1 1 1 1 2 2 1 4 5 6 4 3 1 4 1 2 6 6 5 5 3 3 1 4 5 6 5 5
145954010 3 2 2 2 2 3 4 2 2 4 2 2 3 5 2 5 5 5 2 2 3 5 5 5 5 4 3 2 3 5 3 2 5 5 4 3
145954020 2 1 1 1 1 1 3 1 1 1 2 1 2 6 1 2 5 5 3 1 2 5 1 5 6 6 1 2 2 4 1 4 4 4 5 6
146110010 1 2 2 1 2 2 3 2 3 4 2 3 2 5 1 6 5 6 5 2 4 4 1 3 4 5 4 4 5 3 1 4 3 3 4 4
146110020 2 1 1 1 4 2 1 1 2 2 2 1 2 5 2 6 5 5 5 5 5 3 4 2 4 4 4 5 4 3 1 4 5 4 5 5
146133020 2 1 2 2 4 2 4 2 1 1 1 1 3 3 3 3 3 3 2 3 4 4 3 4 3 4 4 5 4 3 4 3 3 3 2 4
146172010 1 1 1 1 2 1 2 1 1 1 1 1 2 6 1 2 4 5 1 2 3 4 1 5 5 6 1 2 1 5 2 6 4 6 1 3
146172020 2 2 2 2 3 1 2 1 1 1 2 1 2 4 2 5 5 2 4 4 4 2 1 5 5 3 4 4 2 5 1 5 5 5 3 5
146234010 1 1 1 1 2 1 1 1 1 6 1 2 1 3 2 3 5 5 3 2 3 3 5 4 6 6 3 4 6 3 5 1 1 1 1 6
146234020 1 6 1 1 1 1 1 1 1 1 1 1 1 6 2 6 5 6 2 2 1 3 3 5 5 6 3 1 2 2 2 3 2 5 6 4
147558020 1 1 1 1 2 1 1 1 1 3 1 1 2 6 1 5 3 5 1 4 2 6 1 6 5 5 1 3 3 6 1 5 4 5 1 4
147589010 2 1 1 1 5 1 1 1 1 1 1 1 5 6 1 6 5 5 2 5 3 6 1 6 6 5 1 4 2 3 1 2 5 5 1 2
147589020 1 6 1 1 1 1 1 1 1 1 1 1 1 6 1 6 6 6 1 4 1 2 1 6 6 6 1 1 1 2 1 1 1 1 1 1
147661010 1 2 3 3 6 4 4 3 6 5 5 5 4 2 4 5 3 3 5 6 4 6 6 2 2 1 6 6 4 3 2 2 2 1 4 5
147661020 5 4 3 3 1 1 1 1 2 3 2 2 3 4 3 4 4 4 3 3 2 5 2 5 4 5 2 2 4 2 1 4 3 3 4 3
147901010 1 1 1 1 3 2 2 2 2 1 1 1 2 6 1 6 3 5 5 3 6 1 4 2 1 1 6 6 4 1 1 6 3 1 6 6
148513010 1 1 2 1 1 1 2 1 2 2 3 2 2 5 1 2 2 2 1 4 5 3 1 6 6 6 2 4 5 5 5 3 3 3 5 5
148613010 2 2 2 2 1 1 1 1 1 1 2 1 5 2 4 2 2 3 5 5 3 5 4 3 3 3 5 6 5 3 3 4 4 4 4 4
148951010 2 2 4 2 5 1 4 1 2 4 4 1 4 3 2 4 1 2 6 5 4 3 1 3 3 3 5 4 5 3 4 3 3 3 5 5
148951020 2 3 5 5 5 2 4 1 2 4 4 3 4 5 4 4 4 4 5 5 4 4 3 4 3 2 4 4 6 1 6 5 1 2 5 6
149172010 2 1 1 1 1 1 1 1 1 1 1 1 2 4 1 6 4 5 1 2 3 5 1 4 3 4 3 4 3 3 1 3 5 3 3 4
149206020 2 2 2 2 3 2 3 3 1 2 1 1 5 2 3 2 2 4 4 4 4 3 4 3 3 4 4 4 4 3 2 3 4 4 4 4
149375021 1 1 1 1 1 1 1 1 1 1 1 1 1 5 1 6 6 6 1 2 1 5 1 6 6 6 3 1 1 3 1 6 6 6 1 1
149570010 2 1 3 1 2 1 3 4 3 2 2 1 2 4 1 2 4 4 1 4 3 5 2 4 4 4 2 2 4 4 3 2 3 2 4 4
149717010 4 3 4 2 4 1 4 4 3 2 3 3 3 3 4 5 5 4 4 2 3 4 2 5 3 4 4 4 2 3 5 5 5 4 5 2
150347010 1 1 1 1 5 1 1 1 2 1 1 1 1 4 1 5 5 5 1 1 1 2 1 4 6 6 3 4 2 3 1 5 5 6 3 1
150347020 6 1 1 1 4 1 1 1 6 3 2 1 5 1 1 1 1 2 6 6 1 2 4 3 5 6 5 5 6 1 4 1 4 4 6 6
150713020 1 1 1 1 2 1 2 1 1 1 1 1 2 5 1 4 4 4 2 4 4 6 1 5 4 5 5 5 4 6 1 5 4 4 3 5
150866010 2 1 2 2 2 1 2 2 2 4 3 2 4 3 3 4 4 4 4 3 4 4 3 4 3 3 4 4 5 3 4 4 5 4 4 4
151304020 1 1 1 1 3 3 2 1 1 1 2 1 1 5 1 2 4 4 3 3 1 3 2 3 3 4 3 4 1 5 2 3 5 6 4 5
152065010 5 1 2 1 2 1 1 1 2 1 5 1 1 5 1 4 2 5 2 2 1 5 1 4 1 6 3 3 3 6 2 5 2 6 2 3
152453010 2 1 2 2 1 1 1 1 3 1 2 1 1 2 2 5 5 6 4 2 1 3 1 6 6 6 1 2 4 2 1 5 5 6 5 1
152777010 4 3 4 3 2 2 3 3 6 3 5 3 5 5 2 2 2 5 5 5 3 3 3 3 3 4 4 4 1 5 5 5 5 6 2 2
153089010 1 1 1 1 3 2 2 2 4 2 4 3 4 5 1 5 4 4 3 4 4 5 3 4 4 5 4 4 4 3 4 1 3 4 4 4
153693010 1 1 1 1 1 1 4 3 5 2 5 1 1 4 1 6 6 6 5 5 4 1 2 5 5 3 5 6 5 2 2 2 1 2 1 1
153693020 1 1 1 1 1 1 1 1 1 4 1 1 1 6 1 5 5 6 1 2 1 6 1 6 6 6 1 2 1 6 1 3 5 6 1 1
154374010 2 1 2 2 1 1 1 1 4 4 4 3 3 4 2 5 4 2 5 4 5 4 2 5 5 4 4 4 4 3 3 4 4 4 4 4
154374020 5 5 5 5 6 5 5 4 5 3 4 4 4 3 4 2 3 4 4 4 4 3 4 2 2 2 6 4 5 3 5 3 3 3 5 5
155173010 1 1 1 1 2 1 1 1 2 1 1 1 1 6 1 6 4 6 1 2 1 6 1 5 5 5 2 1 1 6 1 6 2 5 2 2
155173020 2 1 1 1 1 1 1 1 1 1 1 1 2 6 1 5 5 5 1 2 2 6 1 5 4 5 1 5 1 6 1 6 5 5 1 2
155821010 2 2 3 1 4 1 1 1 1 1 1 1 5 2 2 5 1 5 5 6 6 2 4 2 1 4 6 6 5 1 1 5 1 1 6 6
155821020 1 1 1 1 1 1 1 1 6 1 1 1 3 3 3 6 5 5 1 2 4 3 1 6 4 4 1 5 2 2 2 6 5 5 3 3
157116010 2 1 1 1 1 1 1 1 6 1 1 1 3 5 1 3 5 5 3 1 1 4 1 4 6 6 2 1 4 5 1 3 4 4 3 1
157116020 1 1 1 1 2 1 1 1 1 1 1 1 2 6 1 5 5 5 2 1 1 5 1 2 1 5 1 3 2 5 1 5 5 6 1 1
157216010 2 2 2 2 1 1 1 1 1 3 1 1 4 2 2 1 3 5 5 5 2 1 1 1 1 5 4 5 6 1 5 1 1 5 4 6
157407010 4 1 1 1 2 1 1 1 1 1 1 1 4 6 1 1 1 1 1 2 4 1 2 4 5 5 6 5 4 2 1 5 5 6 5 2
157407020 5 4 3 3 2 1 1 1 2 4 3 2 5 5 3 3 2 5 5 4 4 2 1 5 4 5 4 4 5 1 2 4 3 5 5 4
157430010 3 1 1 1 2 5 2 2 2 1 1 1 1 6 1 6 6 6 1 1 2 5 1 3 5 5 1 1 1 6 1 5 4 6 1 1
157483010 2 2 2 2 2 2 2 2 2 2 2 1 6 1 1 1 1 1 1 1 6 6 6 6 6 6 6 6 6 1 1 2 3 1 6 6
157567020 1 1 6 1 1 1 1 1 3 1 1 1 1 1 1 6 6 6 6 6 1 2 1 3 6 6 4 6 5 1 1 4 4 6 5 5
157592020 1 1 1 1 1 1 1 1 1 1 1 1 1 6 1 6 6 6 1 1 1 6 1 6 6 5 1 2 1 6 1 6 6 6 1 4
157719010 2 2 2 2 1 1 1 1 1 1 1 1 4 4 1 4 4 4 4 3 3 3 1 5 4 4 4 1 5 3 4 4 2 2 4 4
157719020 1 1 1 1 1 1 2 1 1 1 1 1 1 6 1 1 4 4 3 4 3 3 3 1 5 4 4 3 3 5 1 2 4 4 4 3
158221020 3 1 2 1 1 3 4 3 2 2 2 1 3 5 1 2 5 5 1 4 1 2 4 2 3 6 2 3 3 5 1 5 4 5 2 4
158252020 2 2 3 3 2 2 4 2 3 5 6 3 2 2 1 2 3 4 2 2 1 5 2 5 5 5 4 5 5 2 4 1 1 5 5 6
158407010 5 4 6 4 6 2 3 4 5 6 4 4 6 3 4 1 1 5 5 6 5 3 3 1 2 4 5 6 5 3 4 4 5 5 5 3
158571020 6 5 2 1 5 4 3 2 4 5 4 4 6 6 5 5 4 3 5 6 2 2 2 5 4 4 5 5 4 2 2 5 4 4 2 5
158859010 1 1 1 1 1 1 1 1 1 1 1 1 1 2 3 6 6 5 2 2 1 2 3 2 5 5 2 1 1 1 4 5 5 4 2 3
158937011 5 1 2 6 6 2 2 5 5 6 6 6 6 1 5 1 1 1 6 6 5 5 5 2 2 2 5 5 5 2 2 5 5 5 6 6
158987010 2 1 1 1 1 1 1 1 5 1 3 1 5 6 2 2 2 2 2 6 1 6 1 2 2 3 2 3 2 5 1 1 5 5 2 6
159013010 1 1 1 1 1 1 2 1 1 1 1 1 4 5 3 5 5 3 3 2 3 5 1 5 5 5 3 1 2 5 1 5 5 6 5 1
160030020 2 1 3 2 1 1 1 1 1 1 2 1 2 5 2 3 3 4 2 4 2 5 1 5 5 5 2 2 2 5 2 4 4 4 4 2
160654010 1 1 4 4 1 6 5 5 1 4 5 4 4 3 3 5 3 1 4 6 6 6 2 3 3 1 6 6 6 1 5 4 2 4 5 4
160801010 1 1 1 1 1 1 1 1 2 1 2 1 1 5 1 6 6 5 1 6 4 2 1 6 6 6 1 5 2 6 1 6 6 6 1 5
161139010 3 2 6 2 3 3 4 3 1 2 3 3 4 5 3 4 3 4 3 4 4 4 3 4 4 4 4 4 3 4 3 3 3 4 4 4
161388020 2 1 2 1 6 5 6 4 4 3 4 3 4 1 3 2 5 2 3 4 4 3 2 1 1 5 3 6 4 3 1 5 4 3 2 3
164907010 6 6 6 6 6 4 4 5 2 1 1 1 6 1 6 1 1 1 6 6 6 6 6 1 2 6 6 6 6 4 6 1 4 6 6 6
165914010 2 1 1 1 1 1 1 1 2 1 1 1 5 6 4 6 5 6 2 1 5 6 5 6 5 6 5 2 6 6 5 6 5 6 5 2
171315010 1 1 1 1 1 1 1 1 1 1 1 1 6 5 6 1 5 5 5 5 1 5 1 5 6 6 1 1 5 6 1 5 6 6 4 1
171707020 6 3 4 3 2 1 1 1 6 2 5 2 1 6 1 6 4 6 4 4 2 5 1 5 2 6 5 5 2 4 2 5 4 6 4 4
171942020 2 1 1 1 1 1 1 1 1 1 1 1 1 6 1 5 4 5 3 5 4 5 1 4 6 6 4 6 2 3 2 1 4 6 1 2
171981010 1 6 1 1 1 6 1 1 1 6 1 1 1 6 1 6 3 6 1 5 1 6 1 4 6 6 3 1 1 6 1 6 6 6 3 6
172020010 3 3 3 3 4 5 5 4 4 5 4 2 3 5 3 4 3 4 2 3 4 5 3 2 3 5 2 3 2 5 2 3 3 6 4 2
172020020 4 2 3 2 3 2 2 1 1 1 2 2 4 5 1 2 6 5 2 6 1 5 1 2 4 4 5 6 2 1 1 1 5 3 6 5
172611020 1 1 1 1 1 1 1 1 1 1 1 1 5 3 4 6 3 5 4 4 5 3 1 6 2 6 5 1 1 3 1 5 4 4 5 4
173122010 2 1 2 2 2 1 2 1 2 1 2 1 4 5 1 3 2 4 2 5 4 3 2 5 4 5 4 4 5 4 3 2 3 3 4 4
173122020 3 3 4 2 4 2 3 1 4 3 5 3 3 6 4 2 4 4 2 4 4 1 2 3 6 6 2 3 5 1 5 2 2 1 5 5
173152010 2 3 1 1 1 2 1 1 1 3 2 1 4 3 3 5 6 6 3 4 1 1 4 5 5 6 3 4 3 5 5 2 5 3 5 5
173152020 1 1 1 1 1 1 1 1 1 6 6 1 1 5 1 5 4 5 2 2 2 4 2 2 5 5 2 2 4 2 6 1 1 1 5 4
173156010 1 1 1 1 1 1 1 1 1 1 1 1 1 6 1 6 6 6 1 2 1 1 1 6 5 6 2 1 1 6 1 5 5 6 4 1
173156020 1 1 1 1 2 1 1 1 2 2 2 2 1 5 1 6 6 6 1 4 1 6 1 6 3 6 1 2 1 6 1 5 5 5 1 4
173350010 1 1 1 1 2 1 1 1 1 1 1 1 1 6 1 6 6 6 1 1 2 3 1 1 1 1 1 2 1 6 1 6 6 6 5 1
173350011 6 1 5 2 2 2 2 2 1 1 1 1 4 3 4 4 4 4 6 6 2 4 4 5 6 6 3 3 1 3 2 6 6 6 6 5
173680020 4 2 4 4 2 3 1 1 4 3 3 3 4 5 2 5 5 5 4 4 3 5 2 4 6 5 4 4 4 5 2 3 5 5 5 5
173829010 2 2 2 2 1 2 1 1 3 3 3 2 1 6 1 6 6 6 1 3 1 5 1 5 6 6 1 2 1 6 6 5 6 6 1 1
173829020 3 3 4 3 4 2 3 2 4 3 3 3 3 3 4 1 3 3 4 4 5 3 3 3 4 4 3 4 3 4 3 3 3 3 4 3
173877010 3 3 3 3 5 5 3 3 4 4 5 4 6 1 4 2 4 4 5 5 6 1 6 1 1 4 6 6 5 2 5 1 4 1 6 6
173877020 2 3 4 4 1 1 1 1 1 1 1 1 4 4 2 4 4 4 4 4 5 5 1 5 5 4 2 3 3 3 1 1 6 5 4 6
174101011 5 3 4 2 3 3 4 2 1 4 3 2 3 4 4 2 3 3 5 6 4 3 5 1 3 3 4 4 5 6 4 5 3 5 5 4
174707010 1 1 1 1 1 1 1 1 1 1 1 1 1 6 1 6 5 6 1 2 1 5 1 6 6 6 5 1 2 2 1 6 6 6 2 2
175909010 1 1 1 1 2 3 5 2 2 4 4 4 4 5 1 4 4 5 5 3 4 5 3 5 4 5 4 4 4 3 2 4 4 5 4 4
176069010 1 1 3 2 2 3 3 1 1 2 3 2 1 3 1 5 5 6 2 2 1 4 2 4 5 5 3 2 2 3 1 5 6 6 4 2
176069020 2 1 1 1 1 1 1 1 2 3 1 1 5 3 1 5 5 5 4 2 3 6 1 5 5 5 5 2 4 4 1 5 3 2 2 5
176250010 4 6 4 4 4 4 4 4 2 4 2 1 4 3 5 5 5 5 5 5 2 6 4 3 3 4 6 6 4 4 6 4 5 5 6 4
176250020 4 1 4 4 3 1 3 1 1 1 1 1 5 3 2 5 5 5 3 5 1 5 5 6 6 6 2 3 2 5 1 6 6 6 4 3
176524020 1 1 1 1 1 1 1 1 1 1 1 1 3 6 2 5 3 5 1 1 2 5 1 4 3 3 4 3 2 3 1 5 2 5 3 2
176610020 2 1 1 2 2 1 1 2 2 1 1 1 4 4 1 5 5 5 3 2 4 5 2 4 3 3 5 4 5 3 2 5 3 2 2 4
176718011 1 1 2 1 1 1 1 1 1 1 1 1 3 4 1 5 4 5 1 6 2 6 1 6 6 6 5 4 3 5 1 6 6 6 1 4
177371010 1 1 1 1 1 1 1 1 1 1 1 1 2 1 1 5 5 6 6 6 3 2 3 5 5 6 6 6 2 3 4 3 2 2 6 6
177463010 1 1 1 1 1 1 1 1 1 1 1 1 1 3 1 1 5 6 1 1 1 4 1 6 6 6 1 1 5 4 1 6 4 6 1 4
178209010 2 2 4 2 2 2 5 2 3 1 3 2 4 5 3 2 5 6 3 4 5 3 2 5 5 6 3 2 4 3 4 3 4 5 4 3
178259012 1 1 1 1 1 1 1 1 1 1 1 1 1 6 1 1 6 6 1 1 1 6 1 6 6 6 1 1 1 6 1 1 6 6 1 1
178454010 3 1 3 3 2 2 2 2 2 3 3 2 6 4 4 3 3 2 5 6 5 4 4 5 4 4 5 5 4 3 4 3 3 2 4 4
178454020 1 1 1 1 1 1 1 1 2 2 2 1 4 5 1 6 6 6 1 2 2 6 1 6 6 6 2 4 5 1 1 6 5 5 5 4
178980010 4 4 4 2 3 2 2 1 4 1 1 4 2 4 1 1 4 4 6 6 1 3 3 1 4 4 3 4 1 1 1 2 1 4 4 1
179396010 2 2 2 2 3 4 4 3 2 5 3 2 4 4 3 3 3 4 4 4 4 1 1 1 1 3 1 2 4 3 4 4 3 4 4 3
179396020 4 1 6 5 4 4 5 5 6 4 6 5 1 6 1 4 2 6 5 6 3 5 2 1 2 5 2 5 3 3 1 1 2 6 1 2
179938010 2 1 2 3 3 1 1 1 3 5 5 4 1 6 2 6 6 6 2 5 4 4 1 5 5 6 1 5 4 6 1 5 5 5 4 6
180656010 2 2 2 2 2 1 1 1 2 2 2 2 5 2 3 2 2 4 4 5 5 5 2 4 4 3 4 3 4 2 4 2 4 5 4 4
180656020 2 1 3 2 1 1 1 1 1 1 5 1 4 4 1 5 4 4 2 3 4 3 2 4 4 3 4 4 2 3 1 5 5 4 4 4
180852010 2 2 2 1 4 3 3 3 1 4 4 3 3 3 2 3 4 5 2 4 5 3 4 3 3 3 4 4 3 6 3 1 3 6 4 1
180901010 6 3 6 6 4 5 5 6 6 4 6 6 5 5 4 2 2 5 1 5 5 1 2 1 4 2 5 6 3 2 4 1 1 4 5 6
180901020 3 1 2 4 4 2 4 4 4 4 4 5 3 2 1 2 5 5 4 4 2 1 2 5 5 5 4 4 5 1 4 1 2 4 4 6
181118010 3 3 3 3 3 5 5 5 4 4 3 4 4 4 3 4 4 5 3 3 5 5 1 2 4 5 5 5 4 5 3 4 5 5 3 3
181282010 2 3 2 2 2 2 2 2 1 2 1 1 4 5 1 5 5 5 1 4 2 5 1 5 5 5 2 2 4 5 1 5 4 5 2 4
181282020 1 1 1 1 1 1 1 1 1 5 1 1 1 2 6 6 6 6 4 1 2 5 1 6 6 6 1 1 2 5 1 6 6 6 5 4
181464010 4 4 2 2 5 3 3 1 2 5 4 1 5 5 4 3 4 5 4 4 2 3 1 2 1 1 1 1 1 4 2 5 5 6 1 3
181845010 2 1 2 1 2 1 2 1 2 2 2 1 1 6 1 5 5 5 1 2 2 2 1 6 6 5 4 2 1 5 1 4 6 5 2 2
181845020 1 6 1 1 1 3 1 1 1 4 2 1 5 6 1 6 6 6 4 2 4 3 4 5 5 5 4 4 4 5 2 5 6 5 4 4
182785020 3 2 3 3 1 1 1 1 1 1 1 1 4 3 2 3 1 5 2 4 3 1 1 3 3 5 4 5 1 2 1 3 5 6 3 4
182933020 5 5 4 4 1 1 1 1 1 4 1 1 5 2 2 2 5 5 5 5 4 5 1 6 6 6 1 4 5 6 1 1 4 2 5 5
183023010 1 1 2 1 2 4 2 2 1 1 1 1 2 3 1 4 5 5 5 4 2 5 3 1 5 5 5 4 1 1 4 3 4 5 6 2
183634020 3 2 3 2 5 3 4 4 3 4 4 4 4 5 2 5 4 5 3 4 4 3 3 4 4 4 3 4 4 5 2 5 5 5 5 4
183715010 3 2 3 2 4 2 5 3 3 4 3 3 3 2 4 3 4 4 4 5 5 1 6 1 3 1 6 6 4 2 5 5 2 2 5 5
183752020 2 1 2 1 1 1 2 1 2 2 2 1 2 5 1 6 5 5 2 4 5 6 1 5 4 5 1 4 3 6 1 5 5 5 2 4
183869010 2 1 1 1 1 1 1 1 2 2 2 1 2 2 1 5 5 5 5 5 4 4 1 5 4 5 2 5 5 3 4 3 3 2 5 6
183869020 1 1 2 1 1 1 1 1 1 1 2 1 4 6 1 1 6 6 5 4 2 6 1 6 6 6 5 4 2 5 1 6 5 5 4 4
183944020 3 2 4 3 3 2 2 2 4 2 2 1 4 4 3 2 5 5 5 5 5 5 2 5 5 5 5 5 4 4 5 5 4 4 5 5
183980010 3 3 3 3 5 5 5 5 5 6 6 6 2 1 2 1 1 1 1 1 6 6 6 1 6 6 6 6 2 2 2 2 2 2 2 2
184439010 4 2 5 2 2 1 3 1 2 1 2 2 5 2 4 2 3 2 2 2 4 4 4 2 3 3 4 4 5 4 1 5 5 5 4 5
184439020 2 1 2 2 1 1 1 1 1 1 1 1 4 6 1 5 5 6 5 4 4 6 1 5 5 5 5 5 3 6 1 3 5 5 4 4
184921010 1 1 1 1 1 1 1 1 1 1 1 1 1 6 1 5 4 5 1 1 5 4 1 5 5 6 1 6 2 5 1 6 5 6 2 5
184921020 3 2 2 2 2 2 2 2 2 1 2 1 4 3 3 4 4 4 3 4 3 4 3 3 4 4 3 3 3 5 3 4 4 5 4 4
184954011 1 1 2 1 1 1 2 1 4 1 1 1 2 5 1 2 3 4 3 3 1 2 1 5 6 5 1 4 4 2 3 1 1 1 5 5
185502010 4 2 3 4 2 1 1 1 1 4 3 2 4 3 2 4 4 4 2 3 3 5 1 6 6 6 5 5 5 5 2 3 4 5 2 2
185502020 2 3 3 3 1 2 5 1 1 1 1 1 6 6 1 5 6 6 2 1 1 6 1 6 6 6 1 6 1 6 1 6 6 6 1 5
185552020 1 1 1 1 6 1 4 1 5 4 4 4 4 1 4 2 4 4 4 5 5 1 4 2 3 5 5 4 5 1 5 2 1 1 5 6
185716010 1 1 2 1 2 1 2 1 2 1 2 1 2 1 1 6 4 3 4 4 5 3 3 4 3 1 6 5 5 1 4 4 5 3 3 5
185716020 3 2 2 2 1 1 2 2 1 4 4 3 3 2 2 2 3 2 6 5 6 1 4 1 2 2 6 6 5 2 4 2 4 3 6 5
185954010 1 2 2 1 1 1 2 1 1 2 3 1 2 2 1 3 5 4 4 5 3 5 1 3 4 3 4 4 4 2 4 2 3 1 5 4
186279011 1 1 1 1 1 1 1 1 1 1 2 2 4 3 3 2 5 5 4 3 4 3 2 2 4 3 4 4 4 4 2 3 5 5 4 3
186877020 4 4 5 4 3 4 4 4 3 6 6 6 5 3 4 4 3 4 6 6 6 1 6 1 1 1 6 6 5 3 4 3 3 2 1 1
186895010 3 2 4 3 3 1 1 1 3 1 2 1 4 3 1 3 4 2 3 3 4 4 5 4 4 1 5 5 4 3 4 3 5 4 4 4
186895020 4 4 4 4 3 4 4 4 3 4 4 3 5 3 1 5 4 5 4 4 5 5 1 5 5 5 4 4 4 6 1 6 6 6 4 4
186920010 2 1 2 2 1 1 1 1 1 1 1 1 1 5 1 6 4 5 1 4 1 5 1 6 5 5 1 1 5 6 1 6 6 5 1 4
187105010 2 2 2 2 6 5 5 5 6 1 2 2 5 6 2 5 1 1 4 5 5 5 2 5 1 1 6 6 2 6 4 5 1 2 5 6
187187020 3 2 2 2 4 3 4 4 3 3 3 3 4 3 3 3 4 3 4 4 5 3 4 2 2 2 2 5 4 3 4 2 2 2 5 5
187446010 5 4 4 2 2 1 4 1 4 1 1 1 5 6 6 2 2 4 4 4 5 6 4 1 4 4 4 4 4 4 4 4 5 5 3 4
187446020 2 1 2 2 1 1 1 1 4 1 1 1 2 6 1 5 4 4 2 2 4 3 1 6 6 6 5 4 4 3 3 6 5 5 4 1
187575010 4 5 4 3 6 6 6 6 5 5 3 3 6 1 5 1 1 2 2 6 6 1 6 1 1 1 6 6 6 2 5 2 2 2 6 6
187575011 5 5 5 2 4 3 1 1 6 1 1 1 1 1 1 2 2 3 4 5 6 6 1 3 6 6 6 6 3 6 1 6 6 6 1 2
190757010 1 1 1 1 1 1 1 1 1 1 1 1 1 6 1 6 6 6 1 1 1 6 1 6 6 6 1 1 4 6 1 6 6 6 1 1
200374020 1 1 1 1 2 2 1 1 1 1 1 1 1 2 1 6 6 6 2 1 1 5 6 6 6 6 1 1 4 2 3 3 6 3 4 5
200500020 5 1 4 1 3 1 3 1 1 1 1 1 5 2 1 2 5 2 5 6 2 5 1 3 5 5 2 5 4 2 2 1 5 4 4 6
200799020 2 2 5 4 5 3 3 3 4 5 4 4 5 6 5 1 5 5 4 5 5 3 4 1 5 5 4 6 4 3 5 3 4 4 4 4
201270020 1 1 1 1 1 1 1 1 1 1 1 1 1 6 1 6 6 6 1 4 1 6 1 6 6 6 1 1 1 6 1 6 6 6 2 4
201363020 2 1 1 1 2 3 2 1 3 2 2 2 4 5 4 1 5 3 5 4 5 1 6 5 5 6 5 5 5 3 3 2 3 4 4 1
202076020 4 5 4 3 5 3 4 2 4 3 4 4 4 5 5 5 6 6 6 4 1 5 4 6 6 6 5 4 4 1 4 3 4 5 6 2
202806020 1 1 1 1 1 1 1 1 1 1 1 2 2 5 1 3 5 5 5 6 2 5 1 2 5 5 4 4 4 4 2 4 5 5 4 6
202973020 6 1 5 1 1 1 2 6 5 2 2 2 3 2 1 2 4 3 2 4 4 4 1 5 5 5 5 5 4 1 2 1 5 5 6 6
203277010 3 1 2 2 4 1 2 2 4 3 4 5 4 4 3 6 6 6 5 5 4 3 3 5 5 6 3 2 5 5 4 4 5 6 5 4
203527011 3 5 5 2 3 4 2 2 5 5 4 4 6 1 3 4 4 3 6 6 4 4 5 3 2 3 5 6 5 3 5 2 5 2 6 6
204158020 6 6 6 6 4 4 4 4 6 4 4 6 4 5 6 5 3 4 5 6 3 4 3 2 3 3 3 4 6 4 6 4 5 4 4 4
204342021 2 1 1 1 3 1 1 1 2 2 3 1 5 3 4 1 3 4 4 5 4 3 3 1 1 3 6 5 4 3 4 2 2 4 4 4
204447020 2 1 2 1 2 3 3 3 5 2 3 1 2 4 2 4 5 5 5 5 5 1 4 4 3 1 6 6 6 2 4 2 1 2 6 6
204980020 3 5 5 3 1 1 1 1 2 3 3 3 4 5 3 2 1 5 4 4 3 6 2 2 4 6 2 2 3 3 2 2 3 4 4 3
205373020 1 1 1 1 1 1 1 1 1 1 1 1 4 3 6 6 6 6 5 5 5 2 1 5 5 6 6 5 5 3 2 3 6 6 6 5
205403011 1 1 1 1 1 1 1 1 1 1 1 1 2 6 1 1 1 1 4 1 1 2 1 2 6 6 1 5 1 4 1 6 6 6 3 5
205781020 4 1 1 1 1 1 1 1 1 1 1 1 4 3 1 3 4 4 5 6 5 3 4 3 2 5 6 6 4 2 4 1 3 4 4 4
205809011 2 1 2 1 2 2 2 2 1 2 2 1 3 3 3 6 6 6 5 3 2 3 1 5 5 5 4 4 4 4 1 6 3 6 5 4
206198020 2 1 1 1 2 1 2 1 3 4 2 1 4 5 3 2 2 2 3 3 4 5 3 4 3 5 3 4 5 3 4 5 4 4 4 4
206302020 3 2 2 1 1 1 1 1 2 2 3 4 5 3 4 5 2 3 5 6 4 3 1 2 3 6 6 4 5 3 4 2 2 3 4 5
206612020 1 1 1 1 6 6 6 1 4 1 3 3 1 6 1 6 6 6 1 6 2 5 1 6 6 6 1 2 6 5 1 6 6 6 6 2
208289020 1 1 1 1 3 3 1 1 1 1 1 1 3 3 1 3 4 3 4 4 4 4 3 1 2 4 4 5 3 2 3 1 1 3 4 6
208756020 2 1 1 1 1 1 1 1 1 1 1 1 3 4 1 4 4 5 4 4 2 4 1 5 4 6 1 3 1 4 1 3 4 5 2 3
208806020 1 1 1 1 3 3 3 3 4 1 1 1 2 2 2 3 4 5 1 1 4 4 1 4 4 4 3 3 3 4 1 6 3 6 6 4
210226010 1 1 1 1 6 6 6 6 1 1 1 1 1 3 1 5 1 1 1 1 1 6 1 5 3 6 1 1 4 6 2 3 2 6 1 1
210333010 1 1 1 1 2 1 1 1 1 6 4 2 5 3 2 4 6 6 4 3 5 1 2 3 4 6 6 5 6 2 5 2 4 5 6 6
210349010 6 2 4 1 4 2 1 2 6 6 4 4 4 2 4 4 2 5 6 6 3 1 4 1 1 2 1 1 6 1 6 1 1 2 6 6
210601011 2 2 1 1 2 2 2 2 3 2 2 1 2 3 1 3 3 5 5 6 4 1 1 3 5 5 3 5 1 2 3 3 4 4 1 1
210661010 3 1 2 3 4 3 3 2 2 1 3 1 4 1 5 1 2 2 3 6 4 3 4 2 2 1 1 5 5 2 6 2 2 3 5 5
210661020 6 6 6 1 5 5 6 5 6 6 6 6 6 1 6 1 1 2 6 6 5 1 1 3 2 2 6 6 6 1 6 1 1 1 6 6
210814010 1 4 3 1 1 1 1 1 1 4 2 3 1 2 1 6 4 6 5 6 1 5 1 2 3 5 2 4 5 5 5 4 2 4 4 4
210844010 2 1 2 1 1 1 1 1 2 1 1 1 4 5 5 3 6 6 2 4 2 5 1 6 6 6 2 1 4 4 3 5 5 5 2 4
211036010 2 2 2 2 1 1 1 1 5 1 1 1 3 5 2 5 5 5 2 2 1 5 1 6 6 6 5 4 4 4 2 4 4 4 4 4
211102010 2 2 2 2 4 4 3 4 1 6 1 6 4 3 4 2 2 4 4 4 5 2 4 2 2 4 5 5 6 6 5 1 1 4 4 6
211245020 4 4 4 5 4 3 3 3 4 4 3 3 4 5 4 1 2 3 5 5 3 4 2 3 3 5 3 3 6 1 6 2 3 6 6 6
211283010 2 1 1 1 1 1 2 2 5 1 1 1 4 4 6 3 4 4 4 4 2 2 5 5 5 5 5 6 6 2 6 6 5 4 6 6
211329010 1 1 1 1 1 1 1 1 1 1 1 1 5 2 2 3 3 5 3 2 3 4 2 2 3 5 4 3 5 3 5 4 4 4 4 4
211331010 3 2 3 3 1 1 1 1 1 3 3 1 2 2 1 6 6 6 2 2 3 5 5 6 6 6 6 2 1 6 1 6 6 6 4 5
211443010 5 2 1 1 2 1 1 1 3 1 1 1 2 1 2 5 5 5 6 4 5 2 6 5 5 5 4 4 4 1 6 1 3 3 4 5
211515010 1 3 2 1 1 1 3 3 3 2 2 2 4 1 4 2 5 5 5 2 4 1 2 5 5 4 5 5 4 3 4 3 3 3 4 4
211577010 2 1 2 1 1 1 1 1 3 1 3 2 2 5 1 6 6 6 5 5 4 3 4 5 6 6 5 5 3 2 1 5 5 6 5 5
211577011 2 1 2 1 1 1 1 1 3 1 3 1 2 6 1 6 6 5 5 5 4 2 5 5 5 5 5 6 5 3 1 5 5 6 6 5
211745010 1 1 1 1 1 1 1 1 1 1 1 1 1 4 1 6 6 6 1 1 1 6 1 6 6 6 1 1 1 2 1 2 6 5 5 5
211751020 4 3 4 3 4 1 3 2 3 1 2 1 3 3 3 4 4 4 5 4 5 2 4 5 5 4 6 5 4 2 2 4 4 5 5 4
211857020 4 3 2 1 5 1 1 1 3 1 2 2 4 1 1 3 4 4 4 4 4 3 1 2 5 5 3 4 1 3 4 2 4 6 3 3
211869020 2 1 1 1 1 1 1 1 1 4 1 1 4 3 4 2 3 4 4 3 4 2 2 1 2 4 5 4 4 3 4 3 3 5 4 4
211958010 4 1 4 3 5 5 5 5 4 4 4 4 5 4 4 4 4 4 4 5 5 5 3 5 4 3 5 5 4 4 4 3 2 2 5 6
211958020 4 2 2 2 5 5 5 5 6 4 4 5 5 5 2 5 5 5 5 5 5 4 4 4 4 5 2 4 5 3 5 3 3 3 5 4
212198010 2 3 2 2 3 3 3 1 2 4 3 2 4 5 1 6 6 5 4 5 1 6 3 6 5 6 4 6 5 2 5 3 3 3 4 5
212198020 1 2 2 1 5 1 1 1 4 4 5 2 1 5 1 5 4 5 6 2 4 3 3 3 3 4 6 4 5 1 2 4 5 4 6 4
212298010 3 1 3 1 1 1 1 1 2 1 2 1 3 3 3 4 4 5 4 4 1 5 1 5 5 5 4 2 2 3 3 2 4 4 4 4
212340020 1 1 1 1 1 1 1 1 1 1 1 1 5 5 6 6 6 6 5 5 3 4 1 1 5 6 5 2 1 4 1 4 3 2 5 1
212356010 3 4 3 1 2 3 3 3 6 2 4 4 4 4 3 3 4 5 4 4 5 4 4 2 4 4 4 4 5 3 3 1 2 5 5 5
212519010 1 1 1 1 2 1 1 1 2 2 3 3 2 2 4 2 2 5 2 2 3 4 2 4 3 5 4 2 5 3 4 3 2 2 5 6
212559010 5 1 1 1 3 2 2 1 1 4 3 1 4 3 4 2 2 5 5 4 3 1 4 3 4 5 6 5 5 3 5 5 2 5 6 5
212640020 5 5 5 5 4 5 5 5 1 2 2 1 4 4 3 4 4 5 6 6 5 5 4 6 5 5 5 5 3 3 3 4 4 2 1 5
212725020 1 1 1 1 1 1 1 1 1 1 1 1 5 3 5 2 5 6 2 5 1 2 5 5 5 6 5 4 4 2 5 4 2 5 6 6
212749020 5 4 3 3 5 5 5 5 5 4 3 3 5 3 5 1 2 4 4 4 5 3 4 1 2 4 3 4 4 5 5 3 2 5 3 5
212854010 1 1 1 1 1 1 1 1 1 1 1 1 5 2 3 5 5 6 1 1 4 1 4 5 5 6 5 1 1 3 4 3 5 6 5 1
212964020 2 2 2 1 4 1 2 1 2 2 2 1 4 1 4 2 2 2 3 5 5 1 4 3 3 3 3 3 4 3 4 1 1 5 2 4
213000010 1 1 1 1 1 1 1 1 1 1 1 1 1 2 1 2 6 6 4 4 1 2 1 6 6 6 4 1 2 3 1 5 4 6 4 1
213042010 1 1 1 1 6 1 1 1 5 3 2 2 4 3 5 5 5 6 5 5 4 4 3 4 4 5 4 3 4 3 4 3 4 5 4 3
213097010 1 1 1 1 5 1 1 1 4 4 4 4 6 5 1 6 6 6 3 6 6 6 5 4 5 5 5 5 4 4 4 1 3 3 4 4
213117010 4 1 4 2 4 1 2 2 5 1 4 1 4 3 2 5 3 6 3 3 5 3 4 2 4 5 5 4 5 4 4 3 4 5 5 4
213130020 1 1 1 1 1 1 1 1 1 2 3 2 5 3 1 1 1 1 2 4 3 2 1 6 6 6 2 3 4 2 4 6 6 6 4 5
213162010 1 1 2 1 2 1 3 2 2 5 3 1 5 4 2 5 5 5 4 4 4 5 4 3 4 4 6 4 5 1 5 2 1 2 6 6
213180010 1 1 1 1 1 1 1 1 1 1 1 1 5 5 1 5 5 6 4 4 3 5 1 5 3 6 5 5 5 5 5 6 6 6 5 5
213189020 3 6 5 3 4 5 5 6 5 6 2 2 5 5 2 4 5 5 2 4 6 1 4 1 2 2 5 5 4 3 4 2 4 4 5 6
213367020 6 1 1 1 1 1 1 1 1 2 1 1 4 3 3 4 4 4 4 5 3 3 4 2 5 5 3 5 3 5 4 1 5 5 6 5
213381010 3 2 2 2 5 2 2 3 2 2 2 1 3 5 4 4 4 5 5 3 3 4 4 5 5 4 4 3 2 5 3 5 6 6 5 4
213419020 3 4 4 4 3 3 4 4 3 3 3 3 5 5 3 3 3 4 4 5 4 4 2 3 3 4 3 4 5 4 4 3 3 4 3 4
213419021 1 1 4 2 1 1 1 1 2 4 2 2 4 5 1 5 4 5 1 1 2 5 2 6 6 5 1 6 4 2 2 2 2 2 3 4
500002010 3 1 5 2 4 2 6 1 5 2 2 4 1 2 4 5 3 2 5 5 5 5 4 4 3 2 5 4 4 3 4 5 4 2 5 4
500002020 3 3 3 3 4 2 4 3 2 3 2 2 4 3 2 5 4 4 3 4 4 3 3 5 4 4 5 4 5 4 4 5 5 4 4 4
500005010 1 1 1 1 2 1 2 1 2 2 2 2 3 3 1 5 3 5 1 4 4 3 1 5 3 4 4 4 2 4 3 4 3 5 2 5
500005020 5 1 3 1 1 2 2 2 2 1 2 1 5 4 2 6 5 5 2 4 4 4 3 4 4 4 3 3 4 3 3 5 5 4 4 4
500008020 1 1 1 1 1 1 1 1 1 1 1 1 1 5 1 5 5 5 2 5 1 5 1 4 5 6 5 5 2 4 1 5 5 5 2 3
500014010 5 3 4 3 4 2 4 2 2 1 2 1 4 5 1 3 2 2 4 4 4 5 1 3 3 3 2 4 4 5 1 3 3 3 2 5
500017010 1 2 1 1 2 1 1 1 5 3 3 3 4 1 5 4 4 5 4 4 5 3 5 1 1 2 6 6 4 1 1 3 2 1 6 6
500017020 2 1 2 1 1 2 1 1 5 5 4 4 5 2 5 3 1 5 6 6 4 2 6 1 4 2 6 6 4 1 6 5 5 1 6 6
500018010 5 2 4 1 1 1 1 1 1 1 1 1 4 2 1 2 1 5 2 3 1 2 1 3 4 4 4 3 2 5 1 4 5 5 2 1
500021010 4 4 4 2 2 2 2 2 3 3 4 2 3 3 4 1 4 4 4 5 5 5 2 2 5 6 5 6 3 4 1 3 5 6 5 5
500050010 1 1 1 1 2 1 1 1 1 1 1 1 2 5 1 5 4 5 3 2 1 6 1 4 4 5 2 2 1 5 1 5 4 5 2 3
500050020 2 2 2 2 1 1 1 1 1 4 2 1 2 5 4 3 4 5 4 2 1 5 1 3 4 5 4 4 4 5 2 3 2 4 5 4
500051010 2 1 3 3 2 1 2 2 3 1 2 1 3 2 2 5 5 4 5 5 3 4 2 4 6 4 4 4 3 4 1 4 4 4 4 4
500052020 1 1 1 1 1 1 1 1 1 2 2 1 4 2 1 5 5 5 4 4 2 2 1 3 5 6 2 1 3 4 1 4 4 4 3 3
500053010 1 1 1 1 1 1 1 1 1 1 1 1 1 6 1 6 6 5 1 6 1 6 1 6 6 6 1 4 3 5 1 1 1 3 1 6
500057010 4 3 2 2 1 1 1 1 1 1 1 1 2 2 1 1 4 1 5 5 2 1 2 1 5 1 5 3 4 2 4 2 3 2 6 5
500059010 1 1 1 1 1 1 1 1 1 1 1 1 1 6 1 6 6 6 1 5 1 6 1 6 6 5 2 5 2 6 1 6 6 6 1 4
500076010 3 2 2 2 2 1 2 1 2 2 1 1 3 4 3 5 4 5 2 3 3 4 2 5 5 5 2 4 2 4 2 5 5 5 4 4
500079010 2 1 2 2 2 2 2 2 2 1 2 2 2 5 1 5 5 4 3 3 5 2 2 2 2 2 3 4 4 2 1 3 3 3 4 4
500095020 1 1 1 1 1 1 1 1 1 1 1 1 1 6 1 6 6 6 1 1 1 6 1 6 6 6 1 1 1 6 1 6 6 6 1 1
500097020 2 2 1 1 3 3 2 2 1 3 2 2 4 3 4 2 3 3 4 4 3 3 5 2 3 3 4 5 5 3 4 4 4 4 6 5
500100010 2 3 4 3 3 3 4 3 3 3 3 3 6 2 3 2 1 1 6 6 4 1 4 3 2 1 6 6 4 1 3 1 1 2 6 6
500105010 1 1 2 1 6 2 5 1 1 1 1 1 1 5 1 1 6 5 2 4 4 5 1 4 5 4 2 5 4 5 1 5 5 5 1 4
500105020 1 1 1 1 3 1 1 1 1 1 1 1 1 6 1 6 6 6 1 1 1 4 1 6 6 6 1 1 1 4 4 5 6 5 2 5
500109010 4 3 4 4 3 3 4 4 4 4 4 4 4 3 4 4 3 4 4 4 4 3 3 4 4 4 4 4 4 3 4 4 3 3 4 4
500109020 2 1 2 1 1 6 1 1 2 1 2 6 2 5 2 5 5 5 2 2 2 2 2 5 2 2 5 1 2 3 2 5 5 5 1 2
500111010 1 1 1 1 4 2 4 5 4 2 1 2 2 4 1 1 2 4 1 1 2 5 5 1 5 3 1 2 5 5 2 3 2 4 2 4
500112020 1 1 1 1 1 1 1 1 1 1 1 1 1 6 1 5 6 6 1 2 1 6 1 6 6 6 1 1 1 6 1 5 5 5 5 4
500132010 2 1 1 2 2 5 2 4 2 6 6 4 4 6 1 6 5 6 1 1 1 6 6 5 6 6 6 1 4 2 1 1 1 3 3 6
500163010 6 6 6 6 1 1 1 1 1 1 1 1 1 6 1 4 4 5 1 1 1 1 6 3 5 5 1 1 1 5 1 5 5 5 1 1
500163020 4 1 4 1 1 1 1 1 1 1 1 1 2 6 1 2 5 5 1 5 1 5 1 6 5 6 4 4 1 5 1 6 5 6 1 5
500167010 1 1 1 1 1 1 1 1 1 5 1 1 2 6 1 6 5 6 6 5 5 6 1 6 6 6 1 1 3 6 1 6 5 6 1 2
500186010 1 2 1 1 2 1 2 3 1 1 1 1 4 5 1 2 2 5 6 6 3 4 1 1 2 5 3 2 1 5 1 5 6 6 1 4
500189020 1 1 1 1 1 1 1 1 1 1 1 1 1 6 1 4 4 5 5 4 1 6 1 6 6 6 4 5 1 2 1 6 3 5 3 3
500233020 2 1 4 3 2 1 3 2 2 1 3 2 3 4 1 5 3 3 2 5 3 3 1 6 4 3 6 2 4 6 1 1 5 5 4 4
500238020 4 4 1 1 2 1 1 1 3 2 2 2 4 3 1 1 2 6 4 4 3 4 4 1 4 4 4 4 5 5 1 1 4 4 4 4
500267010 4 1 1 1 4 1 1 1 1 1 1 1 5 1 2 6 5 1 6 6 4 1 4 6 6 4 6 4 1 5 6 6 6 5 6 4
500276010 4 4 4 3 3 3 4 4 4 4 4 4 4 3 3 5 1 4 4 6 4 3 1 1 4 4 2 4 5 4 3 1 4 1 3 6
500291020 1 1 1 1 5 2 2 2 1 1 1 1 2 6 1 1 5 5 1 2 1 6 1 6 6 6 1 6 1 4 1 6 6 6 1 1
500298010 2 1 1 2 5 1 2 2 1 2 2 1 3 3 3 5 4 4 2 4 4 4 4 6 5 4 5 3 4 3 1 6 5 4 4 4
500298020 6 3 6 5 4 3 5 5 3 1 5 4 3 3 1 3 5 4 5 3 3 4 1 3 4 3 5 4 2 6 1 3 3 3 4 2
500317020 2 1 1 1 2 2 1 1 2 1 2 1 2 6 1 5 5 2 4 2 2 5 2 6 5 4 2 4 2 3 2 5 5 5 4 5
500325010 5 5 5 5 5 3 3 2 4 1 1 2 5 6 1 4 5 5 2 5 5 5 1 5 5 5 5 5 2 5 1 4 4 6 5 6
500326010 1 1 1 1 1 1 1 1 1 1 1 1 1 6 1 6 6 6 1 1 1 6 1 6 6 6 1 1 1 6 1 6 6 6 1 1
500326020 1 1 2 1 2 1 2 1 1 1 1 1 2 5 1 6 6 6 1 1 3 5 2 6 6 5 3 3 3 3 2 6 4 6 2 2
500359010 1 1 1 1 1 1 1 1 1 1 1 1 1 2 1 1 1 1 2 1 1 6 1 6 6 6 6 1 1 1 1 1 6 6 1 1
500360020 2 3 4 3 4 4 4 4 3 2 2 2 2 3 4 2 4 4 3 4 2 3 1 2 2 2 2 5 3 3 3 4 4 4 3 2
500370010 1 1 1 1 1 1 1 1 1 1 1 1 1 5 1 6 5 6 3 3 1 5 1 6 5 6 1 4 1 5 1 6 6 6 6 5
500377010 4 2 4 4 5 5 4 4 3 4 3 3 4 3 4 5 4 5 4 4 3 3 2 4 4 4 4 4 4 3 4 5 4 4 4 5
500377020 3 4 4 4 3 2 2 3 4 3 4 4 4 4 3 4 3 4 4 3 3 4 3 4 3 4 3 3 4 5 1 5 4 5 3 5
500380020 5 1 1 1 1 1 1 1 2 1 1 1 2 2 1 5 6 6 1 1 1 6 1 5 4 6 1 6 2 6 1 6 5 6 2 2
500382010 3 3 3 3 5 4 4 4 4 3 3 3 4 3 4 2 2 4 4 4 4 3 6 1 1 4 4 4 4 2 4 4 4 1 6 6
500400020 1 1 1 1 1 1 1 1 1 1 1 1 1 6 1 6 6 6 1 1 3 6 1 6 6 6 1 1 1 6 1 6 6 6 1 1
500408010 2 2 2 2 2 2 2 1 5 3 3 3 6 1 6 1 1 1 6 1 1 6 1 6 6 6 1 1 5 4 1 4 4 4 1 1
500408020 4 6 6 4 5 4 4 3 5 3 4 2 5 3 2 2 2 2 4 5 5 1 2 1 4 2 4 6 5 1 4 5 4 4 6 6
500435020 2 2 2 2 2 1 2 1 1 2 2 2 2 5 2 5 4 5 2 3 2 6 1 5 5 6 1 3 2 5 2 5 5 6 2 3
500437010 1 3 3 1 3 3 4 2 1 1 1 1 2 5 1 4 2 5 1 4 4 5 1 4 2 4 1 2 3 3 1 5 6 5 5 4
500451020 2 2 2 2 4 3 3 3 3 1 3 2 2 4 1 5 4 5 3 4 2 5 2 5 4 5 2 3 2 4 1 5 3 5 3 4
500451021 2 1 3 3 4 4 4 4 5 2 2 2 4 4 1 4 6 4 2 3 4 2 5 2 2 5 5 5 3 3 2 4 4 4 5 4
500453010 1 1 6 1 1 2 6 6 1 1 1 1 1 2 1 6 6 6 1 6 1 2 6 4 1 1 2 6 4 1 1 6 6 6 1 6
500464010 1 1 1 1 1 1 1 1 1 1 1 1 1 6 1 6 6 6 1 1 2 2 6 2 2 2 6 6 1 6 1 6 6 6 1 1
500464011 4 2 3 4 2 1 2 1 3 1 1 1 3 6 1 5 6 4 1 1 2 5 2 6 6 6 1 4 6 6 1 6 6 4 2 5
500464020 2 1 3 3 2 1 1 1 2 2 3 1 4 4 2 3 4 3 1 4 3 1 1 3 5 4 1 4 4 5 2 3 1 5 2 2
500470010 5 2 5 2 3 4 3 3 3 1 4 3 4 3 1 3 5 5 5 3 3 3 3 4 3 4 4 4 2 4 1 5 4 5 5 2
500473020 2 1 2 1 4 1 4 1 2 2 2 2 2 2 1 5 4 3 4 2 2 5 1 5 5 6 1 2 3 4 1 4 2 4 4 4
500474010 1 4 4 4 3 1 4 4 2 6 2 4 1 2 1 2 2 5 2 2 1 1 3 4 4 2 4 2 6 3 6 1 5 6 5 6
500490020 2 1 2 1 1 1 1 1 1 1 1 1 1 3 1 5 5 5 1 1 2 6 1 5 5 5 2 4 2 5 1 6 6 6 1 4
500492010 1 1 2 1 1 1 1 1 1 1 3 1 2 3 2 5 4 5 2 4 2 3 2 5 4 5 4 4 2 3 2 4 4 5 1 4
500498010 4 3 4 4 5 3 4 3 5 4 4 3 3 4 2 2 3 4 4 3 6 1 4 1 1 3 6 6 5 2 5 1 1 3 4 4
500498020 2 1 3 3 3 1 3 1 2 3 3 2 3 3 3 3 3 4 3 4 4 3 3 3 3 4 2 2 4 3 3 3 3 4 4 4
500500010 2 2 2 1 3 3 3 3 2 1 1 1 3 4 1 2 3 3 2 3 4 3 4 3 4 4 2 4 2 4 2 5 4 5 4 2
500501010 1 6 6 1 1 1 1 1 1 1 1 1 1 5 1 6 1 6 6 5 1 1 1 5 4 6 6 6 4 1 3 5 4 6 5 4
500502010 4 3 4 3 5 3 5 4 3 3 4 3 4 2 3 4 4 4 4 4 4 3 2 4 4 4 2 4 4 3 2 3 3 3 3 4
500502020 1 1 1 1 1 1 1 1 1 1 1 1 5 3 1 6 2 6 1 6 1 2 1 6 6 6 5 4 2 6 1 6 6 6 1 4
500519010 4 3 3 3 6 2 3 3 3 2 3 2 4 4 3 4 3 5 3 3 3 6 2 4 3 6 2 2 5 5 2 4 2 4 3 3
500519020 5 5 5 5 5 1 5 2 5 4 4 3 5 5 1 2 2 4 5 5 5 5 1 5 4 5 6 6 4 3 3 5 3 5 5 5
500522010 1 1 1 1 1 1 1 1 1 5 5 2 6 1 6 1 1 1 4 6 6 1 6 1 3 4 6 6 6 4 5 5 4 5 6 6
500524010 1 1 1 1 1 1 1 1 1 1 1 1 1 6 1 6 6 6 1 5 1 6 1 6 6 6 1 1 1 6 1 6 6 6 1 1
500531010 1 1 1 1 2 1 1 1 1 1 1 1 1 6 1 6 6 6 1 2 5 5 1 6 6 6 2 2 5 6 1 6 6 6 2 2
500540010 2 1 1 1 4 3 3 1 1 5 5 1 4 2 3 1 6 6 6 6 6 3 6 1 1 6 6 6 4 4 3 2 5 5 4 4
500547010 2 2 2 1 2 1 2 1 2 1 2 1 2 5 1 6 5 4 1 2 3 5 1 6 6 5 2 2 4 6 1 5 4 5 2 4
500547020 1 1 1 1 1 1 1 1 2 1 1 1 1 6 1 6 6 5 1 4 1 6 1 6 6 3 1 4 1 6 1 6 6 6 1 1
500552010 6 5 6 6 4 1 1 1 4 2 3 2 6 1 4 6 2 6 6 6 6 3 5 6 4 4 1 1 4 6 4 6 2 6 5 4
500575010 1 1 1 1 2 1 1 1 2 1 1 1 1 3 1 6 5 6 3 2 5 5 1 5 5 6 5 4 2 2 1 3 5 6 1 1
500580010 5 3 5 1 3 3 3 3 5 2 6 1 5 6 6 1 1 1 6 6 4 4 6 2 1 3 6 5 4 1 4 4 2 2 6 5
500587010 4 2 3 2 4 5 5 4 5 5 5 4 5 2 5 1 1 1 1 6 5 2 5 1 2 1 6 6 5 2 5 2 2 1 6 5
500587020 2 2 2 2 4 3 4 2 4 3 2 3 4 4 1 3 3 4 3 4 4 4 2 2 4 3 4 3 4 4 2 3 4 3 4 4
500595010 4 4 5 2 5 1 5 1 1 1 5 1 6 5 5 6 4 1 6 6 6 2 2 3 5 1 6 5 6 1 5 6 5 1 6 6
500597010 1 1 1 1 1 1 1 1 1 1 1 1 1 3 1 6 6 6 3 2 2 5 1 4 5 5 3 2 4 3 3 3 5 5 4 3
500597020 6 1 6 6 1 2 2 2 2 1 1 1 1 6 5 2 2 2 6 1 1 3 3 4 5 5 4 2 4 3 4 3 4 4 4 4
500605020 1 1 2 1 1 1 1 1 1 1 1 1 2 4 1 5 5 6 3 5 2 5 1 5 5 6 2 2 2 3 1 5 6 5 2 4
500617011 2 1 1 1 6 6 1 1 1 1 1 1 3 3 2 2 6 4 4 6 2 1 1 6 6 2 6 6 1 1 1 1 6 2 6 6
500619010 2 2 3 1 1 1 1 1 1 3 1 1 4 6 2 2 2 2 4 4 4 4 1 3 3 4 4 4 2 2 1 3 4 5 5 4
500619020 5 3 3 1 5 3 3 2 5 3 2 2 2 2 2 4 3 4 4 5 4 4 2 3 4 5 2 4 4 4 4 3 4 5 4 5
500623020 3 2 2 2 6 6 6 6 2 5 5 2 3 6 2 4 4 6 2 2 3 6 3 1 3 3 4 4 5 6 5 5 5 6 1 1
500633010 6 1 1 1 5 4 1 3 2 2 5 5 1 4 3 4 4 5 4 4 3 4 3 6 4 5 3 3 5 2 4 1 2 1 5 6
500648010 1 1 3 1 1 1 1 1 1 1 2 1 2 5 1 2 5 5 2 2 1 6 1 6 6 6 1 1 2 5 1 1 5 6 1 1
500649010 1 1 4 1 1 1 5 2 1 1 5 1 3 4 1 5 5 6 2 5 2 6 1 5 4 5 4 5 3 5 1 5 5 5 2 5
500660010 1 1 1 1 1 1 1 1 2 1 1 1 1 6 1 6 6 6 2 1 1 6 1 6 6 6 2 1 2 5 1 6 6 6 2 2
500660020 1 1 1 1 1 1 1 1 1 1 1 1 1 6 1 6 6 6 1 1 1 6 1 6 6 6 2 2 1 6 1 6 6 6 1 6
500668010 1 1 1 1 4 3 3 1 1 5 3 3 1 5 1 5 5 5 1 4 4 5 1 6 5 4 2 3 2 2 1 5 6 6 2 3
500668020 1 1 1 1 1 1 1 1 1 1 1 1 6 6 1 6 6 6 1 1 1 6 1 6 6 6 1 1 1 6 1 6 6 6 2 1
500672010 2 2 2 2 2 1 2 1 2 1 2 1 1 5 2 5 6 6 2 2 1 5 3 4 5 5 3 3 3 4 2 4 5 5 2 2
500672020 1 1 2 1 2 1 2 1 1 1 1 1 1 5 1 5 5 4 2 3 2 4 1 5 4 3 3 3 2 3 1 5 5 5 4 3
500685010 6 5 3 3 5 3 4 3 3 1 2 3 3 3 1 2 5 5 4 4 4 4 1 2 5 5 5 5 1 5 1 1 5 4 5 5
500698010 2 3 2 2 3 3 2 1 3 3 2 2 4 2 4 3 3 2 5 5 4 2 2 2 3 3 4 4 6 3 2 2 2 2 4 5
500713010 2 2 2 2 5 1 2 2 2 2 2 2 2 5 2 5 5 5 2 3 2 5 2 5 5 5 2 2 4 4 3 4 3 4 4 3
500713020 1 1 1 1 2 1 1 1 3 3 4 2 3 5 2 5 6 6 4 2 4 2 2 3 4 5 4 4 5 3 4 4 5 5 3 4
500715010 4 3 3 3 2 3 3 2 2 2 3 3 4 5 2 3 4 3 4 4 5 2 3 3 3 3 2 1 4 4 2 3 4 4 2 4
500715020 2 1 2 1 1 1 1 1 1 1 1 1 4 3 3 2 3 3 3 6 4 2 3 2 3 3 4 5 4 4 2 3 4 4 2 5
500718010 3 1 2 1 2 1 3 2 3 2 2 2 3 5 1 5 5 5 2 4 2 5 4 5 5 5 2 4 2 5 4 2 5 5 2 4
500718020 3 1 3 2 3 3 3 3 3 3 4 4 3 4 2 5 4 4 3 4 5 4 3 5 4 4 2 4 6 1 2 1 3 3 3 4
500719010 4 4 4 4 5 5 5 5 5 5 5 5 5 5 4 5 5 5 5 5 5 5 5 6 5 5 5 5 5 5 5 5 5 5 5 5
500719020 2 5 2 2 5 5 5 5 5 5 5 5 2 2 2 2 5 5 2 2 5 2 2 2 2 2 2 2 5 5 5 5 5 5 5 5
500727020 2 1 2 2 2 1 1 1 2 1 2 2 1 6 1 6 5 4 1 4 4 6 1 6 4 2 2 4 2 5 1 5 5 3 2 4
500738010 2 2 2 2 2 1 4 2 2 2 2 2 4 5 2 4 4 5 2 4 2 5 3 3 4 5 2 3 4 5 3 4 4 4 3 3
500738020 4 2 5 1 2 1 2 2 1 1 1 1 4 4 1 5 5 5 1 5 5 5 2 5 5 5 2 4 5 5 2 6 5 5 2 4
500757010 6 2 4 5 5 2 2 2 5 5 4 5 6 5 5 2 2 2 4 6 4 4 5 5 4 4 4 4 5 4 4 4 3 3 4 5
500757020 4 3 3 3 1 1 3 1 3 1 1 1 3 3 3 4 5 6 4 4 4 5 3 5 6 6 3 4 4 4 3 5 6 6 3 4
500763010 6 1 1 1 1 1 1 1 1 1 1 1 1 6 1 6 6 6 1 1 4 5 1 6 6 6 5 1 5 5 1 6 5 5 5 6
500772010 1 1 1 1 1 1 1 1 1 1 5 2 2 5 1 6 6 6 1 4 2 5 1 3 4 5 2 4 1 6 1 5 5 5 2 2
500800010 1 1 2 1 1 1 1 1 1 1 2 1 2 4 1 6 3 5 2 1 4 4 1 5 5 5 4 2 2 3 1 6 6 5 3 4
500807010 3 1 1 1 1 1 1 1 1 1 1 1 3 6 1 3 5 3 5 3 1 6 1 5 5 4 1 1 2 6 1 6 6 5 1 2
500807011 2 1 2 2 2 2 3 2 1 1 2 1 2 4 2 5 4 3 3 3 3 4 2 5 4 4 3 4 2 3 2 4 4 4 3 4
500815010 1 1 1 1 1 1 1 1 1 1 1 1 1 5 1 4 2 2 6 3 1 6 1 6 6 6 1 3 4 4 1 4 5 5 3 3
500820011 2 2 2 1 4 3 4 3 3 4 4 4 4 3 2 3 5 5 3 4 3 3 3 1 4 4 3 4 5 4 2 2 2 4 3 6
500836010 5 5 6 5 6 5 5 5 5 5 5 4 5 4 3 1 4 5 5 5 2 4 2 4 5 6 5 4 5 4 2 5 4 5 6 6
500837010 1 1 1 1 1 1 1 1 1 1 1 1 4 4 1 2 5 5 3 4 4 4 1 5 5 5 5 3 4 2 1 5 5 5 3 3
500848020 1 1 1 1 1 1 1 1 1 1 1 1 1 3 1 5 4 4 2 3 3 2 1 4 3 4 4 4 1 3 1 6 6 4 2 2
500849010 1 1 1 1 1 1 1 1 1 1 1 1 1 6 1 6 5 6 2 6 4 3 1 6 6 6 5 4 4 4 1 5 6 6 5 4
500849020 1 1 3 1 1 1 1 1 1 1 1 1 4 4 3 2 4 3 4 4 4 4 1 4 5 5 4 4 4 5 1 3 5 4 1 5
500855010 2 2 1 1 2 2 2 1 1 1 2 1 3 4 2 5 5 5 3 4 2 5 2 5 5 5 3 4 2 4 2 3 5 5 3 4
500855020 2 2 2 2 2 1 2 1 2 2 2 2 2 6 1 5 4 4 1 2 1 6 1 1 3 1 1 4 2 6 1 6 4 5 2 6
500862010 1 1 1 1 1 1 1 1 1 1 1 1 1 6 1 6 5 6 1 6 1 6 1 6 6 6 1 1 2 6 1 6 6 6 2 2
500862020 2 2 2 2 2 2 2 2 2 1 1 1 1 6 1 6 6 6 4 2 3 5 2 5 4 4 4 4 2 5 1 5 5 5 4 4
500873020 3 2 2 2 3 3 3 2 3 4 4 3 3 3 3 2 2 4 3 4 3 2 2 3 4 4 2 2 4 2 4 2 2 4 4 3
500874010 1 1 1 1 1 1 2 1 2 1 2 1 2 5 1 6 5 5 1 4 5 4 1 5 4 5 2 4 1 6 1 5 4 5 1 2
500874020 2 1 2 2 2 2 2 2 3 3 3 3 4 3 4 2 4 5 4 4 4 3 3 3 3 4 5 4 4 3 4 3 3 4 4 4
500885020 1 1 1 1 1 1 1 1 1 1 1 1 5 6 1 3 5 6 1 1 4 4 1 6 6 6 1 1 1 5 1 5 6 6 3 6
500885021 6 4 4 4 4 4 3 3 3 4 3 2 4 4 4 3 4 4 4 4 4 4 2 3 4 4 3 3 4 3 4 3 5 5 5 4
500892010 2 1 1 1 2 1 3 2 1 1 1 1 2 6 2 6 5 5 2 2 3 6 2 6 5 5 4 4 4 5 1 6 5 5 5 5
500892020 1 1 1 1 6 1 2 2 1 1 1 1 2 5 1 5 5 5 1 2 3 4 1 5 4 5 3 2 1 6 1 6 6 6 1 1
500898010 2 1 1 1 2 1 1 1 1 1 1 1 4 3 2 3 3 4 3 4 3 4 1 3 4 5 3 3 2 5 3 2 3 4 4 4
500898020 4 4 4 4 4 3 3 2 3 3 3 2 5 1 6 1 3 3 6 6 4 4 4 3 4 3 6 6 4 3 5 3 4 3 5 6
500916010 4 1 1 1 3 1 1 1 3 1 1 1 5 2 3 5 4 5 4 4 1 4 3 6 5 4 3 4 4 3 3 4 4 3 4 4
500926010 5 2 3 2 2 4 2 2 1 2 1 1 3 4 3 4 4 4 3 3 4 4 2 4 4 4 3 3 3 4 2 4 4 4 3 3
500942011 3 2 3 3 4 1 1 1 3 3 2 2 3 4 3 5 4 4 2 4 2 2 3 2 3 3 5 5 4 2 3 4 3 3 5 5
500952011 5 5 5 5 4 1 2 1 5 3 2 2 6 2 4 2 6 2 6 2 2 5 4 4 5 6 4 2 4 1 1 5 4 3 6 2
500952020 3 2 3 3 2 2 3 3 3 3 3 3 2 4 2 4 4 5 3 3 2 4 2 3 5 5 2 2 3 4 3 4 4 4 3 3
500956010 1 1 1 1 1 1 1 1 1 1 2 1 1 6 1 5 6 6 1 1 4 6 1 1 4 6 1 1 1 6 1 3 5 6 1 1
500967010 2 1 1 1 1 1 2 1 3 1 3 1 1 6 1 5 6 6 1 3 1 6 1 4 5 5 4 4 4 4 1 3 4 5 4 5
500983011 1 1 1 1 1 1 1 1 2 2 2 2 4 6 1 6 6 6 2 5 5 5 1 6 5 5 2 2 4 3 4 4 3 3 3 4
500996010 1 1 3 1 3 1 3 2 3 1 3 1 1 6 1 5 4 5 2 2 2 5 1 4 3 4 3 4 1 5 1 5 4 5 1 3
501008010 3 3 3 3 4 4 4 4 4 5 4 4 3 2 1 5 5 5 3 3 5 6 1 6 5 6 4 4 2 5 2 2 4 4 4 3
501019010 1 1 1 1 2 1 1 1 5 5 3 3 2 6 1 5 5 5 1 2 1 6 1 6 6 6 1 1 1 6 1 6 6 6 1 1
501019020 1 1 1 1 1 1 1 1 1 1 1 1 3 6 1 5 4 5 1 4 5 4 4 3 4 4 3 4 4 6 4 5 6 6 1 4
501025010 2 1 2 2 2 1 2 2 3 1 2 1 2 5 1 5 6 5 2 2 3 4 2 5 4 4 3 3 3 5 3 4 5 4 3 3
501038010 3 3 3 3 1 1 1 1 1 1 1 1 2 2 2 5 5 5 3 2 1 5 2 6 5 5 2 4 4 4 3 5 4 4 4 4
501041010 1 1 1 1 5 1 1 1 4 1 5 1 5 5 1 5 5 5 5 4 6 5 1 2 5 5 4 1 5 5 4 2 4 4 5 5
501049010 1 1 1 1 4 3 4 3 2 2 2 2 3 6 1 6 6 6 1 1 4 4 1 3 3 3 1 1 2 5 2 3 5 5 1 2
501063010 1 1 2 1 2 2 2 1 2 1 2 1 3 5 6 5 4 5 1 2 1 6 1 5 4 5 2 2 2 6 1 5 5 5 2 2
501066010 1 1 2 3 3 1 5 3 2 2 3 3 5 6 1 2 5 5 2 4 2 6 1 6 6 5 1 2 5 3 3 3 4 4 4 4
501066011 4 5 5 4 4 3 3 3 4 2 3 3 4 2 4 3 3 3 4 4 4 3 4 3 4 4 4 4 4 3 3 4 4 4 4 3
501075020 2 2 5 3 2 1 2 1 2 1 1 1 2 5 3 5 5 5 4 2 1 6 1 6 4 6 1 3 1 6 1 6 5 6 1 1
501083010 1 1 1 1 1 1 1 1 6 3 4 2 2 2 1 6 4 6 4 6 3 2 2 3 4 5 4 6 5 3 1 5 4 6 6 6
501083020 1 1 1 1 2 1 2 1 3 2 4 3 3 5 1 6 3 6 1 2 2 3 1 6 5 5 4 4 2 5 1 6 5 6 3 4
501097010 3 2 6 3 3 2 5 2 4 5 2 3 3 4 1 4 4 6 1 5 5 3 1 4 4 5 1 1 3 1 1 6 6 6 5 4
501097020 1 1 3 4 4 5 5 5 4 5 5 5 3 4 1 6 6 5 3 1 4 2 2 2 4 4 3 3 4 4 3 4 4 5 3 4
501102010 1 1 1 1 1 1 1 1 1 1 1 1 2 3 2 4 4 4 4 5 2 3 1 3 4 4 2 4 3 3 2 4 5 5 5 4
501102020 1 1 1 1 1 1 2 2 2 2 2 2 3 3 2 2 5 5 2 4 2 5 4 5 5 5 2 5 2 3 1 3 2 4 2 4
501138020 1 1 1 1 1 3 1 1 1 1 1 1 4 6 1 5 4 5 2 2 1 6 1 5 6 5 3 3 5 4 4 3 4 4 4 4
501154010 3 2 5 1 1 1 1 1 6 1 1 1 6 4 4 3 2 2 3 6 5 5 4 1 4 3 2 6 6 5 3 3 2 4 5 5
501156010 4 1 5 1 2 1 5 3 5 2 5 1 5 6 1 5 1 5 1 6 5 6 1 5 2 4 2 5 4 3 1 1 1 5 1 5
501191010 1 1 1 1 1 1 1 1 1 1 1 1 1 6 1 6 6 6 1 1 1 6 1 6 6 6 5 5 1 5 1 5 1 6 1 1
501198010 1 1 1 1 1 1 1 1 1 1 1 1 4 2 1 6 3 2 4 4 4 4 6 6 6 6 3 1 1 2 1 4 4 2 3 3
501198020 1 1 2 1 4 2 4 2 2 1 2 2 4 3 1 3 3 4 1 2 2 3 2 3 3 4 1 4 2 4 1 2 4 4 3 4
501201010 2 1 2 1 2 1 1 1 1 1 1 1 1 3 1 5 5 6 2 6 1 3 1 6 5 3 4 5 1 2 1 5 5 6 2 4
501201020 2 2 2 1 3 1 1 1 3 3 2 1 2 3 1 5 4 3 3 4 3 3 1 3 4 4 3 6 3 4 3 2 4 3 3 4
501239020 2 1 2 1 3 1 2 1 2 2 2 2 2 5 1 5 5 5 2 4 2 4 2 3 4 5 2 4 4 4 4 2 3 3 4 5
501244010 1 1 1 1 1 1 1 1 1 1 1 1 1 6 1 5 5 5 2 2 5 2 4 2 3 2 4 4 4 4 4 5 4 4 5 3
501244020 4 1 4 4 4 1 4 4 2 1 4 3 4 6 3 2 3 2 4 4 4 6 1 2 2 2 2 2 5 6 2 3 3 3 4 4
501251010 1 1 1 1 1 1 1 1 1 1 1 1 1 6 1 5 5 5 2 4 1 5 1 6 6 6 2 2 1 6 1 6 5 6 2 1
501259010 2 1 1 1 1 2 1 1 1 1 1 1 1 6 1 3 5 6 1 4 1 6 1 6 6 6 1 1 3 5 1 6 6 6 1 4
501259020 1 1 1 1 2 2 2 1 1 4 1 1 1 6 1 6 2 1 1 1 1 6 1 6 6 6 1 1 4 6 1 6 6 6 1 1
501264010 1 1 1 1 1 1 1 1 2 1 2 1 6 3 2 2 4 5 5 4 2 3 1 4 4 5 3 4 4 5 1 3 4 5 4 4
501266010 3 2 2 2 2 2 2 1 2 2 3 2 2 4 1 4 2 4 3 4 3 6 2 5 5 4 2 3 2 3 2 3 3 5 4 5
501266020 2 2 2 2 1 1 1 1 2 2 3 2 4 4 2 4 4 5 4 4 2 5 1 5 5 5 2 2 4 5 2 4 4 4 4 3
501267010 2 2 4 2 2 4 3 3 2 3 3 3 4 3 2 3 3 3 4 4 5 3 2 2 2 2 3 4 4 4 3 2 2 3 3 4
501267020 5 3 5 3 4 6 4 4 5 5 5 4 5 3 3 3 3 1 5 5 6 1 6 1 1 1 6 6 5 3 5 3 3 3 3 5
501270010 4 3 4 3 6 1 6 1 6 6 6 6 6 3 6 1 1 1 6 6 1 6 5 1 6 5 6 3 4 3 4 1 1 1 4 1
501280010 2 2 2 2 3 3 3 3 3 2 2 2 2 2 2 2 2 2 2 2 3 4 3 3 3 3 3 3 3 3 3 3 3 3 3 3
501280020 3 4 3 3 4 4 4 3 3 3 3 3 6 2 4 3 3 3 5 4 4 4 3 3 2 4 4 4 5 2 4 6 5 2 5 5
501290020 1 1 2 1 2 2 2 2 1 1 1 1 2 5 1 5 5 6 1 2 2 6 1 6 5 6 1 1 2 6 1 5 5 6 1 1
501296020 1 1 1 1 4 1 1 1 4 1 3 3 1 6 1 6 6 6 1 6 1 5 1 2 5 5 6 1 2 2 1 2 3 3 2 3
501307020 2 1 1 1 2 2 2 2 2 2 5 2 1 5 1 5 5 5 2 2 1 5 1 5 5 5 1 1 1 5 1 5 5 5 2 2
501331010 2 4 3 4 4 3 4 4 4 3 3 3 4 4 4 3 3 3 4 3 4 4 4 3 3 3 4 4 4 4 4 4 4 4 4 4
501331020 2 1 2 1 2 2 2 3 1 2 2 1 4 5 2 3 4 4 5 5 4 3 4 5 4 3 4 3 5 5 1 3 4 3 5 5
501340020 1 1 1 1 1 1 1 1 1 1 1 1 4 5 1 6 5 5 5 4 1 5 1 6 5 4 4 4 4 4 1 5 5 6 4 4
501357010 1 1 1 1 1 1 1 1 2 2 2 2 2 3 1 5 4 5 3 4 4 3 2 2 2 4 4 4 4 2 2 4 4 4 4 4
501359020 4 1 4 1 1 1 4 2 2 1 1 1 2 5 1 5 3 3 2 4 4 5 1 2 4 5 5 6 1 5 1 6 5 5 1 4
501379010 6 1 1 1 1 1 2 1 3 3 3 1 4 2 1 3 3 3 1 1 5 5 1 3 1 3 3 5 5 4 1 2 2 2 2 5
501382010 1 1 1 1 1 1 1 1 2 1 1 1 3 4 1 5 5 5 4 3 3 3 2 3 5 5 2 3 3 4 1 6 5 5 1 1
501382020 2 1 3 2 1 1 1 1 1 1 1 1 3 3 1 4 4 4 3 3 2 4 1 4 3 5 4 4 1 5 1 4 4 4 2 1
501403020 3 1 2 2 2 1 2 1 2 1 2 2 5 5 2 5 5 5 2 4 2 3 1 5 5 5 1 4 4 5 3 3 3 3 2 3
501413010 6 6 6 6 5 5 5 5 6 1 6 6 6 4 5 4 4 4 3 3 1 6 6 6 1 6 6 6 3 6 3 6 6 6 6 6
501413020 6 1 1 1 5 5 5 5 6 1 1 1 1 1 1 4 1 1 1 1 1 6 6 6 1 6 6 6 4 4 6 4 4 4 4 6
501414010 1 1 1 1 1 1 1 1 1 1 1 1 1 2 1 5 1 5 1 4 1 3 1 5 2 6 1 2 3 4 1 6 3 6 3 3
501414020 3 3 3 2 2 1 4 1 1 1 2 1 4 4 3 4 4 5 4 4 5 6 1 1 1 1 2 2 2 2 1 6 5 5 3 5
501417010 1 1 1 1 1 2 1 1 1 3 2 1 4 4 5 3 2 4 1 6 5 6 1 4 4 5 1 4 3 3 3 6 4 6 4 6
501417020 2 2 2 1 2 2 2 2 2 2 2 2 2 3 2 6 4 5 2 5 3 3 3 4 4 5 3 3 3 3 2 5 5 5 2 3
501419010 2 1 2 1 1 1 1 1 1 1 1 1 2 4 3 5 4 6 2 4 1 6 1 1 4 5 2 4 1 5 2 6 5 5 4 4
501425010 4 3 5 5 2 1 1 2 3 4 3 1 2 2 1 6 4 6 1 1 3 6 3 3 5 5 4 1 2 4 3 3 4 4 4 5
501426010 4 4 4 4 5 6 5 5 5 2 5 5 6 5 5 5 5 5 5 5 6 5 5 1 1 1 1 1 5 5 5 5 5 5 5 5
501426011 1 1 1 1 5 5 6 2 1 1 1 1 4 4 4 4 4 4 4 4 4 6 4 5 5 5 5 5 6 6 5 6 2 5 5 5
501438020 2 2 2 2 2 1 2 1 2 2 2 1 2 5 1 5 5 4 1 3 3 6 1 5 5 5 1 4 4 3 2 5 5 5 1 4
501441010 1 1 1 1 1 1 1 1 1 1 2 1 1 3 4 5 4 6 1 2 1 6 1 6 6 6 1 4 2 5 1 5 4 6 1 4
501444010 3 3 3 3 4 2 2 2 3 2 2 3 5 1 4 2 2 2 4 6 6 1 6 4 4 4 4 6 6 5 5 4 4 4 4 4
501444020 1 1 1 1 1 1 1 1 1 1 1 1 2 4 2 5 5 5 2 2 1 5 2 5 6 5 2 1 4 4 2 5 5 5 2 3
501451010 1 3 2 2 1 2 3 1 1 1 1 1 2 2 2 2 3 2 2 2 5 4 1 3 2 3 2 3 1 5 1 6 5 5 2 1
501451020 6 4 1 1 2 5 2 2 1 1 1 1 3 4 1 4 5 4 1 4 4 4 1 6 5 5 1 5 1 6 1 6 6 6 1 1
501475020 2 2 2 1 3 2 2 2 4 1 1 1 2 5 1 3 5 5 2 5 5 1 2 3 2 2 2 2 5 2 4 2 3 2 4 5
501490010 4 4 2 1 5 4 4 3 6 1 5 3 4 3 4 4 4 3 4 3 4 3 4 3 4 4 4 4 6 3 5 1 1 3 6 6
501492010 1 1 1 1 3 1 1 1 1 1 2 1 1 5 1 5 5 5 1 1 2 6 1 4 3 3 4 6 2 6 1 6 6 6 1 2
501499011 2 1 1 1 1 1 1 1 3 2 2 4 4 2 1 5 4 5 4 5 5 2 4 2 2 3 5 5 4 3 3 3 4 4 2 5
501516010 2 2 1 2 2 5 1 4 6 3 1 1 2 4 5 5 2 5 3 6 5 1 1 1 1 6 6 6 6 6 1 1 2 6 6 6
501516020 2 6 6 6 2 4 1 4 5 5 6 5 5 3 1 2 1 2 2 1 5 1 1 1 1 1 6 6 6 6 2 1 2 6 6 6
501517020 2 1 3 2 4 2 2 1 1 1 2 2 4 3 2 6 4 3 2 2 4 3 4 6 4 4 6 4 2 2 3 6 5 5 5 3
501520010 1 1 2 1 1 1 3 2 4 3 3 3 4 3 3 2 3 4 4 4 5 2 1 4 2 2 4 5 5 3 4 2 1 1 4 5
501520020 4 2 4 2 1 1 5 1 2 3 4 3 4 3 3 2 3 3 2 4 1 2 4 1 5 5 4 5 4 3 2 2 5 5 4 5
501547010 5 1 1 1 1 1 1 1 2 2 2 1 2 6 1 6 5 4 4 4 1 6 1 5 4 5 1 1 4 5 1 6 5 5 1 2
501559020 1 1 1 1 1 1 1 1 1 1 1 1 1 6 1 6 4 6 1 2 1 5 1 6 5 6 1 1 1 6 1 6 6 6 1 1
501564010 2 3 2 2 1 1 1 1 3 2 2 2 2 5 1 5 5 5 2 3 2 5 2 5 5 5 2 2 2 5 2 5 4 5 2 2
501564020 4 1 4 1 5 6 2 2 2 2 2 2 3 5 1 4 4 4 5 6 4 2 2 3 4 2 6 6 5 5 1 5 4 2 2 5
501577010 1 1 1 1 5 1 1 1 2 3 3 1 3 2 1 6 5 5 5 4 1 3 1 5 4 5 4 2 5 1 1 5 3 3 5 4
501605010 1 1 1 1 3 3 4 2 1 1 2 2 2 4 1 3 4 2 3 4 6 3 2 5 1 5 4 5 4 6 2 6 5 5 4 1
501612010 4 2 3 3 3 3 3 3 3 3 3 3 5 1 4 2 2 1 1 1 5 1 4 4 2 2 5 6 5 1 4 3 3 1 6 6
501612020 1 1 1 1 1 1 1 1 2 2 2 2 4 6 1 5 5 5 1 1 2 3 2 5 5 5 2 2 4 4 2 5 4 4 3 3
501613010 2 2 3 2 2 1 1 1 3 5 4 2 4 4 1 3 3 4 3 4 4 3 2 4 4 5 4 4 3 3 1 2 2 5 4 4
501613020 3 1 3 3 2 1 2 2 3 3 3 3 2 3 3 4 3 4 3 4 3 5 2 5 3 4 3 4 4 3 4 3 3 4 3 4
501614010 3 5 3 2 5 3 4 4 2 2 1 2 3 5 3 4 3 4 4 4 4 3 2 3 1 6 5 5 5 6 3 5 4 5 4 5
501614020 2 1 1 1 2 2 2 2 3 2 4 2 2 5 1 6 3 5 2 4 2 2 1 2 2 2 2 2 4 4 4 3 3 3 3 4
501622010 2 1 2 1 3 2 2 2 1 1 2 1 4 6 2 4 5 5 2 2 4 3 2 3 3 3 4 4 4 3 2 3 3 5 1 2
501638020 1 1 1 1 2 1 2 1 1 2 1 2 2 2 1 3 2 5 4 5 2 5 2 3 3 4 5 5 3 2 4 3 3 5 6 6
501647020 5 5 1 1 3 4 4 3 3 3 4 2 4 5 1 5 5 5 5 5 4 4 5 2 2 2 3 3 5 5 4 5 4 4 5 1
501652010 2 2 2 2 2 1 3 1 3 2 2 2 3 4 1 3 4 4 3 4 2 5 1 4 4 4 3 4 3 4 2 4 4 5 4 2
501652011 1 1 1 1 1 6 6 3 1 4 3 1 2 2 2 4 5 6 3 3 1 6 1 6 5 6 6 1 1 5 2 2 5 6 2 2
501662010 1 1 1 1 2 1 1 1 2 2 4 3 5 3 1 1 3 6 3 4 4 6 1 6 6 6 2 3 3 5 2 3 3 5 5 3
501662020 3 2 3 3 3 1 2 2 3 2 3 3 5 3 3 2 3 3 5 5 4 2 4 2 3 3 4 5 3 3 3 1 3 4 4 4
501664010 3 2 3 2 3 3 3 1 2 4 2 1 4 4 2 3 3 3 4 4 3 3 2 2 3 3 4 5 4 5 1 4 4 3 4 3
501664020 1 1 1 1 1 1 1 1 1 1 1 1 5 2 1 6 4 5 2 4 4 2 1 5 4 5 2 4 4 3 2 6 6 3 2 5
501678010 1 1 1 1 5 1 3 3 1 1 1 1 1 5 1 2 2 6 4 5 1 6 1 5 6 6 5 5 2 6 1 2 2 1 2 2
501696010 3 3 5 3 2 3 1 1 2 2 3 2 3 4 1 4 4 5 3 4 1 4 1 4 5 5 3 4 4 4 1 4 4 4 4 4
501696011 1 2 2 2 1 2 2 1 2 2 2 3 3 6 1 5 5 6 1 2 2 5 1 5 5 6 1 4 2 5 2 3 4 5 4 3
501711010 1 1 1 1 1 1 1 1 1 1 1 1 2 4 2 5 4 5 2 2 4 4 2 5 5 5 2 2 2 5 2 5 4 5 2 5
501729010 3 2 2 3 3 3 3 3 3 4 4 4 4 5 2 6 4 6 2 2 2 6 1 3 5 6 1 2 4 5 3 4 4 5 2 4
501736010 1 1 1 1 1 1 1 1 1 1 1 1 1 6 1 4 4 6 1 1 1 6 1 6 6 6 1 1 1 5 1 6 5 6 1 1
501746010 6 6 6 6 6 5 6 6 6 5 5 6 4 4 4 3 3 4 4 6 5 4 4 2 4 4 4 5 6 3 6 1 1 3 6 6
501746020 2 1 1 1 1 1 1 1 1 1 1 1 2 6 1 6 5 6 1 4 5 5 1 6 6 6 2 5 1 6 1 6 6 6 5 1
501748020 2 6 4 6 1 6 6 6 4 1 1 3 1 1 3 1 2 1 2 1 3 4 4 6 6 1 1 6 5 4 1 2 6 1 6 1
501748021 1 1 1 1 6 1 2 2 1 5 4 1 4 3 1 4 3 2 5 1 1 6 1 3 2 2 6 6 1 6 1 5 2 6 4 5
501762020 6 2 1 3 5 2 2 4 1 1 2 5 4 5 4 5 5 6 3 5 2 6 6 5 6 6 5 1 5 6 1 2 4 5 5 3
501766010 1 1 1 1 1 1 1 1 1 1 1 1 1 6 1 6 6 6 1 1 1 3 1 6 6 6 1 4 1 3 1 6 6 6 1 4
501766011 2 1 1 2 1 1 1 1 4 2 2 2 2 5 2 5 5 5 2 2 2 6 1 3 5 5 1 3 1 6 1 5 5 5 1 1
501780010 4 1 1 1 3 3 4 2 2 1 2 1 3 4 2 3 3 4 2 5 2 3 4 2 4 4 4 2 5 4 2 4 4 4 4 4
501795010 1 1 2 1 3 1 1 1 1 1 1 1 2 5 1 6 5 5 4 2 2 4 1 5 5 5 2 1 4 4 1 6 5 6 2 1
501818010 2 3 2 2 2 1 3 1 2 3 3 2 1 2 1 6 4 5 2 2 2 3 1 2 4 2 2 2 3 3 1 5 3 5 2 4
501824010 3 4 5 3 2 1 3 2 2 4 4 2 4 4 2 1 1 6 3 5 3 3 4 3 3 4 5 5 3 6 1 4 4 5 2 4
501827020 2 1 1 1 1 1 1 1 6 1 1 1 5 2 2 6 3 4 3 4 4 2 2 3 3 5 5 4 4 1 2 5 3 5 5 5
501838010 6 1 1 1 1 1 1 1 1 1 1 1 1 4 1 5 6 5 2 5 1 4 1 5 4 5 2 2 1 5 1 5 6 5 3 2
501840020 3 2 5 3 3 1 2 3 3 2 3 2 1 3 1 6 6 6 2 1 3 2 1 4 3 4 3 3 4 3 3 6 4 4 2 3
501841010 5 4 4 4 4 3 4 4 2 2 2 2 5 4 5 6 2 2 4 5 4 4 2 2 3 3 3 4 4 5 2 1 3 4 4 5
501843010 2 1 1 1 2 2 3 1 2 2 1 2 2 5 2 5 4 4 5 4 2 4 1 4 3 4 2 4 4 2 3 1 1 2 4 5
501843011 4 4 4 2 1 1 1 1 2 1 2 1 4 4 5 3 3 2 5 6 4 4 4 1 2 2 5 5 1 5 1 2 4 2 4 4
501863010 2 2 2 2 1 1 1 1 1 1 1 1 4 4 2 4 4 4 3 3 3 5 2 5 5 5 5 2 4 5 1 6 5 6 5 5
501863020 1 2 2 2 5 1 4 2 1 5 5 5 4 5 1 5 5 5 1 5 5 5 1 5 5 5 1 5 1 6 1 5 5 5 1 1
501871011 3 1 2 1 2 1 2 1 2 6 1 1 3 6 1 6 5 5 4 2 3 5 2 5 5 5 4 3 5 6 5 5 5 5 4 2
501875010 1 1 1 1 1 1 1 1 1 1 1 1 2 6 1 6 5 5 1 2 2 4 1 5 5 4 2 5 2 6 1 5 5 5 5 5
501875020 4 3 3 3 1 2 2 2 2 1 1 1 4 5 2 5 5 5 5 3 3 3 2 3 4 4 4 4 4 2 3 2 3 4 4 4
501881020 1 1 1 1 3 1 3 1 3 1 1 1 2 5 1 4 3 4 3 4 3 5 2 3 4 4 4 4 1 6 1 5 5 5 3 4
501891010 1 2 2 2 2 2 2 2 1 1 1 1 1 5 1 2 5 4 1 1 3 4 1 3 4 5 2 2 5 4 1 2 4 3 1 2
501894010 2 1 2 2 2 2 4 3 1 1 3 2 2 5 2 6 5 5 4 4 4 3 3 4 3 3 4 4 4 4 2 5 4 4 4 4
501894020 1 1 1 1 1 4 4 2 1 1 1 1 1 6 4 5 4 6 1 4 1 6 1 5 4 6 1 4 1 5 1 4 3 6 1 4
501905010 3 4 4 4 4 4 4 3 4 5 4 2 5 3 4 1 3 2 5 5 5 3 2 2 1 2 5 5 5 3 4 1 2 5 6 5
501928010 6 3 6 5 3 2 3 5 4 2 3 3 4 2 5 5 2 2 5 5 5 3 4 2 3 3 2 1 5 2 5 1 2 4 6 6
501928020 2 1 3 3 1 1 4 1 3 2 2 2 4 4 2 3 3 3 4 5 5 4 4 3 4 3 4 6 5 4 1 3 3 4 4 4
501932010 2 1 2 1 1 1 2 2 1 4 1 1 4 6 4 4 3 4 5 5 5 5 5 5 2 5 5 6 4 3 4 3 3 4 5 5
501932020 3 1 3 2 5 1 1 1 2 2 2 1 4 3 4 3 3 4 2 4 4 3 2 5 5 5 2 4 4 3 3 3 3 5 4 4
501933010 1 1 1 1 1 1 1 1 1 1 2 1 1 5 1 5 6 6 2 1 1 5 1 5 5 5 1 3 1 5 1 5 6 6 3 3
501939010 2 1 2 1 1 1 2 1 2 2 2 1 2 6 1 6 4 4 4 6 4 6 1 2 4 6 4 4 4 5 2 5 4 4 4 5
501947020 1 1 1 1 3 3 3 1 1 2 2 1 4 5 1 6 6 6 5 5 5 6 1 4 4 6 4 4 4 5 2 2 5 5 5 5
501948010 2 2 3 3 2 2 2 2 1 1 1 1 4 4 2 6 4 4 2 2 2 6 2 6 4 4 2 2 1 6 1 6 6 6 1 4
501948011 2 1 1 1 1 1 1 1 2 1 1 1 1 6 1 4 6 6 1 3 1 6 1 5 6 6 1 1 4 6 1 6 6 6 5 1
501969010 1 4 1 1 1 1 2 1 1 1 2 1 6 2 1 3 2 4 5 6 4 1 1 5 5 5 1 6 6 6 1 2 5 4 1 6
501969020 2 1 1 1 2 2 2 1 1 5 2 2 2 3 1 3 4 4 2 2 5 4 3 4 4 5 4 2 4 3 2 4 3 4 3 4
501988010 6 5 5 4 4 1 2 1 5 2 3 1 5 5 2 2 2 5 4 3 4 3 1 2 2 2 2 2 4 3 1 2 1 3 3 3
501988020 6 1 6 6 6 6 6 6 6 5 5 5 5 1 4 1 1 1 2 6 6 1 6 1 1 1 6 6 5 3 5 1 2 2 5 5
501990020 2 1 2 3 1 1 2 1 1 1 1 1 4 3 3 1 3 3 3 4 3 3 1 3 4 4 2 3 3 4 1 4 5 4 1 3
502002010 4 1 3 1 1 1 1 1 1 1 1 1 1 6 1 6 6 6 4 4 1 6 1 6 5 5 4 2 1 5 1 4 6 5 5 2
502004010 2 1 3 3 3 2 3 2 2 2 2 1 3 4 2 3 3 4 3 4 4 4 3 4 3 3 4 4 4 3 2 3 3 3 4 4
502004020 4 3 4 3 3 2 3 3 3 2 2 2 4 3 3 4 3 4 3 4 3 4 2 5 3 4 4 4 4 3 3 4 4 4 4 4
502043020 2 3 3 3 1 1 1 1 3 3 3 3 3 3 3 4 3 4 2 2 2 6 1 6 5 5 1 3 3 4 1 4 4 4 3 3
502065010 1 1 1 1 2 1 3 3 1 1 1 1 1 1 6 6 6 6 1 6 2 6 2 5 5 5 2 1 1 2 1 1 1 2 1 1
502068011 2 5 2 2 2 1 2 4 2 2 2 2 6 6 6 2 2 2 5 6 1 5 2 2 3 5 2 3 2 2 2 2 2 2 2 2
502077010 6 6 6 6 4 1 2 2 3 1 2 2 1 1 1 4 1 6 1 1 1 4 1 4 4 6 3 3 1 5 1 1 1 1 1 1
502088010 3 1 1 1 6 1 1 1 1 3 1 1 1 3 2 4 6 5 2 3 2 5 1 5 6 6 1 2 4 3 1 3 6 5 5 5
502102020 2 1 2 1 3 1 1 1 2 2 2 2 4 1 1 2 3 3 5 5 4 1 3 1 3 1 6 6 2 1 2 3 3 3 6 5
502108010 4 4 4 4 3 3 4 3 3 2 4 2 5 3 4 2 2 3 4 5 5 2 3 2 2 3 5 5 4 3 4 4 4 5 5 5
502108020 3 2 3 3 2 1 3 2 2 1 2 1 3 4 1 5 4 4 1 2 2 5 1 5 4 4 3 4 2 5 6 5 4 4 2 3
502123010 1 1 1 1 1 1 1 1 1 1 1 1 4 3 1 5 3 4 4 5 4 5 1 5 3 3 2 4 5 6 1 3 3 5 1 5
502142010 1 1 2 2 2 1 3 1 1 1 1 1 4 3 2 3 4 4 3 4 4 4 2 2 4 2 5 4 4 4 4 3 5 4 4 4
502142020 1 1 1 1 1 1 1 1 1 1 1 1 2 2 1 6 5 5 1 4 4 5 1 3 5 3 5 3 4 2 3 2 4 4 4 5
502147010 1 1 1 1 1 1 1 1 1 1 1 1 2 2 1 2 4 6 1 5 6 6 1 6 6 6 4 1 4 5 1 1 2 1 4 6
502153010 1 1 4 1 2 2 2 2 3 2 2 2 2 4 1 4 4 3 2 3 1 4 1 3 1 5 4 2 4 1 2 3 3 3 4 2
502168011 5 5 4 3 2 2 2 2 2 6 3 2 5 5 5 5 3 6 5 5 4 3 4 3 2 6 5 5 5 4 3 6 5 6 6 4
502179010 1 1 1 1 1 1 1 1 1 1 1 1 2 5 1 6 4 6 3 3 2 2 1 6 5 5 4 2 2 2 2 5 4 5 3 4
502179020 1 1 1 1 1 1 1 1 1 1 1 1 1 4 1 6 6 6 1 4 1 5 1 6 6 6 1 1 4 6 1 6 6 6 1 1
502188010 2 2 2 2 2 3 3 2 2 2 1 2 4 2 2 5 4 4 3 5 2 3 2 5 5 5 2 4 4 3 2 5 4 4 3 4
502188011 5 1 4 1 2 1 1 1 1 1 1 1 3 3 4 2 3 3 4 5 1 5 4 1 6 5 5 5 1 6 4 6 5 4 4 4
502195020 3 2 2 1 2 1 2 1 2 2 2 2 1 3 1 4 4 4 3 4 2 3 1 2 4 5 1 4 5 5 1 3 4 5 2 4
502200010 1 1 1 1 1 1 1 1 1 1 1 1 1 6 1 6 6 6 1 1 1 5 1 6 5 6 1 1 1 5 1 6 5 5 1 1
502200020 2 1 2 1 3 1 2 2 2 2 3 2 3 4 1 4 3 2 2 5 4 3 1 4 6 5 3 5 1 3 1 4 5 5 1 5
502208010 1 1 1 1 2 1 1 1 1 1 1 1 2 5 1 6 4 4 3 4 3 3 1 3 4 3 2 4 2 5 1 5 4 4 3 4
502208020 2 1 1 1 2 1 1 1 2 1 1 1 1 5 1 6 5 5 1 4 4 6 2 6 5 2 4 4 4 4 2 6 4 6 3 2
502217010 1 1 2 1 1 1 2 1 1 1 1 1 1 5 1 3 5 5 1 3 1 2 1 2 5 6 1 3 2 3 2 2 3 6 2 2
502221010 1 1 1 1 1 1 1 1 1 1 1 1 1 5 1 6 6 6 1 1 5 2 2 3 6 6 5 5 4 3 2 4 3 4 3 6
502228010 1 1 2 2 1 1 1 1 2 3 4 4 4 3 2 3 3 3 2 4 4 3 1 3 3 4 2 4 4 4 1 3 3 5 2 3
502237010 4 4 5 5 4 4 4 5 4 3 4 3 5 4 4 5 4 4 4 4 2 3 4 2 5 5 4 4 3 4 5 5 4 6 5 4
502240020 6 6 6 6 4 1 4 3 3 2 4 4 6 6 6 1 1 1 6 6 3 4 1 6 6 6 3 3 5 5 3 4 4 4 4 3
502242020 2 1 1 1 1 1 1 1 3 4 3 1 1 6 1 6 4 6 2 2 1 3 1 1 5 6 3 6 4 3 4 3 2 5 4 5
502244010 3 2 3 3 3 1 1 1 1 1 1 1 1 4 1 4 3 4 3 4 3 4 1 3 4 4 3 4 1 4 1 4 4 5 1 3
502268010 1 1 1 1 1 1 1 1 1 1 1 1 5 6 1 6 6 6 1 5 5 6 1 6 5 5 1 1 5 5 1 6 6 6 1 5
502268020 1 1 1 1 6 6 6 6 5 6 6 6 1 2 1 5 5 5 2 2 1 2 1 5 5 5 4 3 1 2 1 5 5 5 2 5
502271010 2 1 3 3 3 1 2 1 1 1 2 1 3 3 1 6 4 4 3 4 5 3 1 2 2 2 4 5 6 3 6 1 6 5 5 5
502271011 2 4 5 4 4 4 4 3 4 4 3 3 6 5 5 1 1 3 2 6 3 1 3 4 4 4 4 4 4 3 4 3 3 3 4 4
502292010 3 2 2 2 4 3 3 3 3 3 3 3 3 4 3 5 4 5 3 3 2 4 2 4 4 4 4 3 4 4 4 4 3 4 4 4
502293010 1 1 2 1 1 1 1 1 1 1 1 1 1 6 1 5 6 6 1 1 1 6 1 6 5 6 2 2 2 4 1 5 5 5 2 2
502302010 5 4 4 3 5 3 5 3 4 4 4 3 5 2 5 3 2 2 5 5 4 3 4 3 2 2 5 5 5 3 4 1 2 2 4 5
502307010 1 1 1 1 1 1 1 1 1 1 2 1 1 3 1 6 4 5 2 2 4 4 1 6 6 5 1 1 2 4 1 6 5 3 3 1
502312020 1 1 3 1 1 1 1 1 1 1 2 1 2 5 1 3 2 5 3 3 2 5 1 5 4 4 2 2 2 5 2 5 4 5 2 3
502314020 1 1 1 1 1 1 1 1 1 1 1 1 1 6 1 5 6 6 1 1 1 6 1 5 5 5 1 4 4 3 1 3 2 2 4 5
502315010 1 1 2 2 3 2 2 2 6 6 6 6 4 2 4 3 5 5 5 6 4 3 4 4 4 5 6 6 6 1 1 1 1 1 6 6
502315011 1 1 1 1 1 5 4 5 1 1 4 1 4 4 1 6 6 5 4 4 4 3 2 6 4 4 4 4 5 3 1 1 6 6 4 4
502318010 5 5 2 2 1 1 1 1 1 1 1 1 2 5 1 6 6 6 5 5 1 6 1 6 6 6 1 1 1 6 6 6 6 6 1 6
502328010 1 1 1 1 2 1 2 1 2 1 1 1 4 4 1 4 4 4 2 6 4 4 4 1 3 3 6 6 5 4 1 1 1 5 6 6
502328020 4 1 1 1 6 1 1 1 2 1 2 1 2 6 1 6 6 5 5 2 5 5 2 6 6 6 6 4 1 2 2 2 2 3 6 5
502339010 6 4 6 1 1 1 1 1 1 1 1 1 2 6 2 2 2 5 2 2 1 6 5 6 5 6 5 1 1 6 1 6 6 6 1 1
502339020 1 1 1 1 1 1 2 1 1 1 6 1 1 6 1 2 6 5 1 5 1 6 6 5 6 6 2 5 1 6 1 3 6 6 5 5
502356010 1 1 1 1 1 1 1 1 1 2 2 1 2 1 6 6 5 6 1 1 5 6 5 6 5 5 2 4 4 6 1 5 5 5 1 1
502356020 1 1 1 1 1 1 1 1 1 2 2 2 4 6 1 5 5 5 3 5 5 5 1 6 5 4 5 4 5 5 1 6 6 5 4 2
502378010 1 2 1 1 1 1 1 1 1 2 1 1 6 1 6 1 1 5 5 5 2 2 2 4 5 5 6 4 2 1 3 1 5 6 4 5
502395010 1 1 1 1 1 3 1 1 1 3 1 1 2 5 1 5 5 5 1 1 2 5 1 5 4 5 2 4 2 5 1 5 5 5 2 1
502395020 3 2 3 2 2 2 3 3 2 2 3 2 4 3 2 4 4 4 2 5 4 2 2 3 4 4 4 5 2 3 1 2 3 2 2 3
502407010 1 1 1 1 6 1 1 1 1 1 1 1 4 3 3 2 2 2 2 2 3 1 1 1 3 3 1 6 1 4 1 3 1 1 1 1
502407011 1 2 1 2 6 1 3 3 6 1 1 1 3 5 2 5 6 6 4 5 4 5 2 6 6 6 4 3 3 5 2 6 5 5 3 3
502427020 2 1 1 1 2 2 2 1 2 3 3 1 2 2 1 2 5 4 2 4 2 3 3 2 4 4 4 4 3 3 3 3 4 4 3 4
502438010 4 2 4 3 4 3 5 3 2 1 2 1 5 2 4 1 1 1 5 2 6 5 4 2 1 3 4 4 3 5 4 2 2 3 6 5
502440010 1 1 1 1 5 2 2 2 2 2 2 2 2 5 1 3 4 5 2 4 3 5 1 6 5 5 2 2 2 4 2 4 4 5 2 3
502448010 1 1 1 1 1 1 1 1 1 1 1 1 1 6 1 6 5 5 1 1 1 6 1 5 5 5 1 5 3 3 1 2 5 5 5 5
502450020 5 1 3 1 3 1 3 1 1 4 4 2 4 5 1 5 4 4 1 4 3 5 1 5 5 5 5 4 3 3 1 2 5 5 3 4
502458010 5 5 5 3 4 3 4 3 3 2 3 3 4 3 4 4 3 3 5 6 2 6 2 5 2 4 4 6 5 5 1 3 3 4 6 6
502508020 4 4 4 4 4 4 3 3 6 6 6 6 5 5 5 1 2 6 2 2 5 5 5 5 5 6 5 6 1 4 1 1 1 6 6 6
502509010 2 1 2 2 6 6 6 6 6 5 6 4 4 6 1 2 2 5 5 4 6 1 6 1 1 1 1 1 4 5 5 1 1 3 4 5
502523010 3 5 3 2 2 1 3 1 2 1 1 1 4 4 4 1 3 2 6 4 4 3 1 1 2 1 1 5 3 5 2 2 5 3 3 3
502523020 1 1 1 1 1 1 1 1 1 1 1 1 5 3 1 5 4 5 4 4 2 4 1 6 5 5 1 4 1 6 1 6 6 6 1 1
502526010 3 5 5 5 1 1 5 4 1 1 2 2 4 5 2 6 5 6 1 1 5 1 4 5 5 5 1 3 5 3 4 4 4 5 5 2
502533010 6 6 6 6 1 1 1 1 5 1 1 1 1 2 1 6 6 6 3 4 1 2 1 1 6 6 4 4 5 5 1 5 5 5 5 4
502558010 3 4 2 2 3 4 4 4 1 3 3 3 2 2 1 3 4 3 2 4 4 4 2 1 1 2 3 5 4 5 1 1 1 4 2 5
502560010 1 1 1 1 1 1 2 1 1 1 1 1 2 5 1 6 5 6 2 2 1 2 1 5 5 5 2 4 4 3 2 2 5 6 2 4
502560020 1 1 1 1 1 1 1 1 1 2 2 2 4 3 1 5 4 6 2 3 4 1 1 6 5 5 4 2 5 1 4 4 2 3 6 5
502561010 1 1 1 1 1 1 1 1 1 1 1 1 5 4 1 3 3 5 4 2 5 5 1 6 6 5 4 3 5 6 1 6 6 6 2 5
502564010 1 1 1 1 2 1 1 1 1 1 1 1 2 4 1 5 2 5 2 1 3 5 1 1 5 5 2 2 2 3 1 3 2 4 2 2
502564020 4 2 2 2 4 1 2 1 2 2 2 1 1 3 2 3 4 5 2 2 3 2 2 5 5 5 3 1 5 3 2 2 3 3 4 3
502568020 2 2 2 2 1 1 1 1 1 3 4 2 3 5 1 5 4 4 2 2 5 5 1 5 3 4 5 5 4 5 1 2 4 6 5 5
502571010 1 1 2 1 1 2 3 1 1 1 4 1 5 5 1 6 3 6 5 2 4 4 1 5 3 4 4 3 4 5 6 5 5 5 5 2
502571020 2 1 3 1 2 1 2 1 1 1 4 1 2 5 1 6 5 5 1 4 1 6 1 2 1 1 6 6 1 6 1 6 6 6 1 1
502578010 1 1 1 1 6 1 1 1 5 1 1 1 1 6 1 6 6 6 1 1 1 6 1 6 6 6 1 5 6 3 3 6 6 6 1 5
502578020 3 2 3 2 2 2 2 2 2 2 4 2 3 4 2 5 5 5 2 3 4 5 2 5 5 5 2 4 4 3 3 4 4 4 4 3
502579010 4 2 4 1 5 4 4 2 4 5 4 1 6 3 5 3 3 3 6 6 5 1 5 4 2 2 5 6 3 4 4 3 4 4 6 6
502579020 2 1 2 2 5 1 2 2 2 2 2 2 4 3 2 2 4 4 2 4 4 3 1 5 5 5 4 4 3 2 2 5 5 5 3 4
502605010 1 1 1 1 1 1 1 1 1 2 2 1 1 4 1 1 6 5 5 5 1 6 6 4 5 5 4 3 1 5 1 1 1 4 3 3
502608010 1 1 1 1 2 2 1 1 1 1 1 1 4 4 4 4 4 5 4 1 2 3 3 3 3 3 3 3 4 6 5 4 3 5 6 5
502617010 3 2 2 3 3 4 3 2 3 3 2 2 2 5 1 3 2 4 3 3 3 5 1 5 5 5 2 5 1 4 1 2 4 4 3 3
502620010 2 1 2 1 1 1 1 1 1 1 1 1 1 5 1 5 5 5 1 1 1 5 1 5 5 5 4 1 2 5 1 5 5 6 2 2
502622010 3 2 3 2 3 3 4 3 2 2 3 3 2 5 1 4 5 5 2 2 3 4 3 3 3 4 2 2 1 5 2 5 5 5 2 2
502623010 5 1 4 1 5 1 4 1 3 2 3 2 5 3 4 5 1 4 4 5 5 4 3 5 2 2 6 6 5 4 2 4 2 4 5 4
502623020 1 1 1 1 1 1 1 1 1 2 1 1 3 3 2 5 4 4 3 4 1 5 1 5 3 5 1 2 2 3 1 5 4 5 2 4
502629010 3 2 5 3 2 1 4 4 3 4 4 4 3 4 2 3 3 4 3 4 1 5 1 4 4 5 1 2 1 6 1 2 4 4 4 4
502630010 1 1 1 1 1 1 1 1 1 1 1 1 1 5 1 4 4 4 2 2 1 3 1 3 5 5 1 6 6 3 1 3 3 5 5 5
502633010 1 1 4 4 6 1 1 1 2 2 3 3 4 6 1 4 1 5 4 4 1 1 1 6 5 5 1 6 3 6 1 1 2 5 1 5
502633020 2 1 2 1 3 3 3 3 2 4 1 1 4 5 1 2 1 6 1 5 3 3 1 3 4 5 1 4 1 4 1 3 5 6 5 6
502635010 1 3 2 1 1 2 2 1 1 1 1 1 1 6 1 2 5 4 2 3 3 6 1 2 4 6 1 4 4 5 1 2 3 5 2 4
502635020 2 1 2 1 5 1 2 1 1 4 4 1 2 6 1 5 3 3 4 5 1 6 1 2 4 2 1 5 5 3 1 2 1 2 1 6
502651020 4 2 2 2 1 1 1 1 2 1 2 2 4 4 2 5 3 3 3 3 2 5 1 6 5 3 3 3 4 3 5 5 4 5 4 3
502654010 1 1 1 1 1 1 1 1 1 1 1 1 5 5 1 3 5 6 3 1 3 2 1 5 5 5 5 3 5 5 2 5 5 5 4 4
502661010 4 2 4 4 4 3 5 1 4 2 3 1 4 4 1 4 3 3 4 1 3 4 2 2 2 2 4 6 1 5 1 5 5 5 5 6
502671010 3 2 2 2 2 2 4 2 3 2 3 2 3 2 2 4 4 4 2 2 4 6 2 5 5 5 3 3 5 4 3 4 4 3 4 4
502682010 1 1 1 1 1 1 1 1 1 1 2 1 6 3 1 6 6 6 4 5 4 2 1 2 4 4 4 4 5 2 4 1 1 1 5 4
502708010 1 1 2 1 2 5 2 5 1 2 3 2 4 3 4 6 5 4 3 4 4 3 1 5 5 5 6 5 5 4 1 6 4 5 6 5
502708011 1 1 1 1 2 1 1 1 1 1 1 2 2 3 1 5 5 5 4 1 4 6 2 4 4 5 5 5 2 4 2 5 5 2 5 4
502722010 2 2 2 2 3 3 4 3 4 2 2 2 3 4 2 3 3 4 3 4 3 3 3 3 3 3 4 4 5 3 4 2 2 2 5 5
502722020 2 1 1 1 1 1 2 1 1 1 1 1 4 6 1 5 5 4 4 5 4 3 1 5 5 4 5 4 4 5 1 5 5 3 4 4
502724020 4 5 5 4 4 4 4 4 3 4 4 3 4 3 4 3 3 3 3 4 5 3 5 1 3 3 4 6 3 3 2 3 4 3 3 4
502733010 6 6 6 6 6 6 6 4 6 6 6 6 6 5 5 6 6 6 6 6 6 1 6 6 1 1 6 6 6 1 6 1 1 1 6 6
502750010 3 2 2 2 1 1 1 1 3 2 3 3 4 4 2 4 4 4 3 4 4 3 3 4 4 4 4 3 4 5 1 4 4 5 2 4
502750020 1 1 1 1 6 1 1 1 1 1 1 1 2 2 1 3 4 4 2 3 3 4 2 4 4 4 4 3 4 4 3 2 4 4 3 3
502752020 2 5 2 1 2 2 4 2 2 2 2 2 2 3 2 5 5 5 4 2 3 3 1 6 5 5 2 2 2 3 1 2 4 6 2 2
502761010 2 2 2 1 5 4 4 4 1 6 2 2 1 2 1 2 6 6 2 1 3 3 3 5 5 5 3 3 5 5 6 5 5 6 1 2
520052020 6 4 4 3 6 4 6 4 6 4 6 2 4 6 4 2 3 4 5 5 6 2 4 1 4 4 1 4 5 3 4 1 3 3 4 1
520102010 1 1 1 2 5 1 3 2 1 1 3 1 1 4 1 3 4 3 5 4 2 4 1 4 4 4 2 3 5 4 1 3 4 4 2 4
520185010 4 2 4 3 6 4 6 5 6 4 4 2 5 2 4 2 3 1 6 6 6 2 6 2 4 1 6 6 5 1 6 1 2 1 6 6
520195010 1 1 1 1 2 1 5 1 1 5 1 1 2 5 1 3 3 3 1 2 4 3 6 5 3 4 4 2 2 3 1 3 2 3 4 4
520195020 4 3 4 2 2 1 2 3 3 3 4 4 6 2 4 4 2 2 6 6 5 3 3 4 5 6 6 6 6 3 4 2 2 3 6 6
520215010 5 3 3 2 5 4 5 5 5 2 3 2 4 1 5 3 2 1 6 5 4 2 5 1 5 2 5 6 4 2 5 1 4 1 6 5
520215020 2 3 4 2 2 1 3 1 2 2 2 1 2 2 4 6 5 2 6 6 2 4 2 4 4 4 5 4 4 2 4 3 3 3 5 5
520224010 3 2 2 2 3 3 3 2 3 2 2 2 3 5 2 4 3 4 2 3 4 4 3 3 3 4 4 3 4 3 3 2 5 4 4 4
520284020 4 3 1 1 6 5 1 1 5 1 3 4 1 6 1 6 6 6 1 4 4 3 5 3 3 2 3 4 3 4 2 3 4 4 3 3
520298010 1 1 1 1 2 1 1 1 1 1 1 1 4 4 2 3 4 5 4 4 1 6 1 5 6 5 1 2 3 5 1 4 3 4 2 4
520302010 2 1 2 1 2 1 3 1 4 1 2 1 3 4 1 4 5 1 1 5 2 5 1 3 3 2 2 5 5 3 3 1 4 2 5 4
520346010 5 4 3 4 5 2 4 4 3 4 4 4 5 2 5 2 2 2 5 6 5 4 5 3 4 4 2 3 5 2 4 1 2 2 6 5
520346020 1 1 1 1 1 1 1 1 1 1 1 1 1 5 1 1 6 5 5 4 1 2 1 6 6 6 1 4 1 5 1 6 6 5 4 2
520358010 2 1 2 2 2 1 2 2 2 2 2 2 3 5 2 5 5 5 3 2 2 3 1 5 4 5 2 2 4 3 2 4 4 5 4 4
520358020 1 5 5 2 1 1 1 1 1 1 1 1 3 3 4 4 4 3 2 1 3 6 1 6 6 6 1 1 2 5 1 5 6 6 1 1
520521010 1 6 5 1 1 2 2 1 5 5 5 2 5 6 5 1 6 6 1 6 5 6 5 1 2 6 5 2 6 5 5 2 1 2 5 5
520521020 5 1 4 1 2 5 2 2 2 6 5 1 5 6 2 5 5 6 4 5 2 5 2 5 6 5 5 6 4 5 1 5 2 3 5 5
520738010 4 3 4 3 2 1 3 2 2 2 3 2 2 3 4 5 4 2 5 5 1 6 3 6 6 5 1 5 3 2 2 4 5 4 4 4
520738020 2 1 2 1 2 2 2 1 1 2 3 2 4 5 2 4 4 5 4 4 1 6 1 6 6 6 2 2 4 3 2 5 5 5 4 4
520790010 3 3 3 3 2 1 2 1 2 2 2 1 3 3 3 5 3 3 3 3 3 3 2 4 4 4 4 4 4 2 2 4 4 4 4 4
520818020 1 5 1 1 5 1 1 1 5 3 3 4 4 5 3 5 5 5 4 5 5 4 5 4 4 5 6 6 5 4 5 2 3 2 2 2
520826020 4 4 4 4 4 1 1 1 1 1 1 1 4 3 3 4 4 4 3 3 6 4 1 1 1 1 5 4 3 4 1 4 4 6 4 1
520830010 2 4 2 2 1 5 2 2 2 3 2 2 5 3 4 4 3 5 4 5 4 4 1 3 4 4 4 4 4 4 2 3 3 4 4 5
520830020 1 1 1 1 1 2 1 1 1 3 2 1 4 5 1 6 4 5 3 1 4 6 2 6 5 6 4 1 4 6 1 6 5 5 4 4
520840010 3 3 3 3 4 2 3 1 4 3 4 1 3 3 3 3 4 4 3 4 3 3 1 4 3 5 3 3 2 5 1 5 5 4 4 3
520883010 1 2 2 2 6 6 6 6 3 3 2 2 1 5 2 1 3 3 2 2 6 6 6 6 6 6 6 6 3 3 2 2 3 3 2 3
520905010 5 4 4 4 4 5 5 4 4 4 4 2 4 4 4 5 5 4 5 6 2 4 1 5 5 5 3 4 3 1 1 3 5 5 3 4
520952010 2 2 2 2 2 1 2 2 2 2 2 2 2 5 1 5 3 5 1 2 2 5 1 5 4 5 2 2 2 3 2 5 3 5 3 2
521010010 4 5 5 5 4 4 3 4 3 5 3 2 3 5 1 6 6 4 5 5 4 2 5 4 3 4 4 4 4 4 3 4 5 5 3 4
521099020 2 1 2 1 3 4 4 5 4 2 4 4 1 6 1 6 6 3 4 5 4 1 3 2 3 2 6 6 6 4 1 6 4 1 5 6
521102010 5 2 2 1 3 1 1 2 2 3 3 3 3 3 3 4 4 3 4 4 3 2 3 2 4 3 5 5 4 4 4 2 3 3 4 2
521117010 2 3 4 2 1 1 3 2 1 1 1 1 4 3 4 1 2 5 1 4 5 6 2 4 5 2 1 5 1 3 2 3 2 6 1 4
521117020 1 1 2 1 2 2 3 2 1 1 4 1 3 6 1 3 3 5 1 1 2 5 1 2 3 4 1 5 3 3 4 2 3 4 1 5
521129010 4 2 5 4 4 4 5 4 4 2 4 2 2 3 4 3 3 3 3 3 3 5 3 3 4 5 3 2 2 5 1 5 5 5 2 1
521129020 3 2 2 2 2 1 1 1 2 3 3 3 2 1 2 2 2 4 2 2 1 6 1 6 4 5 1 1 3 4 4 4 4 4 2 2
521155010 1 1 1 1 1 1 1 1 1 1 1 1 4 3 1 5 3 3 4 4 2 5 1 6 6 5 2 4 4 3 1 4 3 5 1 4
521218010 2 1 1 1 1 1 1 1 2 1 1 1 1 2 1 6 6 6 5 5 5 5 2 2 3 4 6 5 1 2 5 2 3 4 3 4
521224020 1 1 1 1 2 1 1 1 1 1 1 1 1 5 1 5 5 5 1 1 1 6 1 6 5 5 4 5 1 3 1 6 5 5 1 1
521229010 2 1 1 1 1 1 1 1 1 4 1 1 2 5 3 3 3 3 3 4 2 5 1 6 6 6 1 1 4 3 2 2 4 4 2 3
521340010 2 2 2 1 1 1 1 1 2 4 2 2 1 5 1 6 5 5 4 4 1 2 1 5 4 5 6 4 4 2 2 5 3 2 6 6
521340020 3 3 3 3 3 2 2 2 4 4 4 3 3 3 3 3 3 3 3 3 2 3 3 5 4 4 4 2 4 4 3 2 3 3 3 3
521361020 3 3 3 2 2 2 1 6 2 5 3 3 1 2 1 6 6 6 2 3 2 5 1 6 5 5 3 2 2 3 2 5 4 5 3 2
521399010 5 2 2 1 6 4 1 1 5 2 4 2 1 6 2 6 6 6 2 1 1 6 1 5 6 6 2 4 2 5 1 5 6 5 3 4
521406010 1 1 1 1 1 1 1 1 1 1 2 1 1 6 1 6 6 6 1 2 1 6 1 6 6 6 4 2 1 6 1 5 6 6 2 3
521439010 1 1 1 1 1 1 1 1 1 1 1 1 1 6 1 1 5 2 1 2 1 5 1 6 5 6 1 1 1 1 1 6 6 6 5 1
521439020 2 2 2 2 2 2 2 2 1 1 1 1 1 6 1 6 5 5 1 2 2 3 1 4 5 5 2 2 1 1 1 6 6 6 1 1
521482010 3 3 3 2 6 1 4 1 2 1 3 1 4 2 2 5 3 4 4 3 1 3 2 6 6 6 6 6 3 4 2 4 4 4 3 4
521482020 3 2 4 3 2 2 2 3 3 1 1 4 2 3 3 4 4 4 4 4 2 4 2 4 4 4 3 4 4 6 1 5 6 6 1 3
521555010 1 1 2 2 1 4 2 1 1 1 2 1 4 5 1 5 5 6 4 5 4 6 1 4 4 5 4 6 1 6 1 3 6 6 4 6
521562010 2 1 2 2 2 2 4 3 4 2 4 3 4 3 2 2 2 2 3 4 4 4 3 2 3 4 4 4 4 4 2 1 2 2 4 4
521562020 6 1 2 1 1 1 1 1 2 4 5 4 1 3 1 6 6 6 6 1 4 5 1 6 6 3 6 4 6 1 2 1 1 1 6 6
521575020 1 1 1 1 1 1 1 1 1 1 1 1 1 6 1 2 6 6 1 2 1 6 1 4 6 6 1 1 1 6 1 6 6 6 1 1
521645010 6 3 4 3 3 1 5 2 1 1 2 1 3 4 2 3 3 4 3 3 2 5 1 6 5 5 4 4 2 5 1 6 4 3 4 3
521731010 2 1 1 1 2 1 1 1 3 1 1 1 3 5 3 5 5 5 2 4 6 4 2 4 4 4 2 4 2 4 2 4 3 4 2 3
521731020 1 1 1 1 1 1 1 1 1 1 1 1 4 6 1 6 3 5 2 5 4 3 2 5 5 6 3 2 5 4 1 5 5 5 1 4
521756010 2 6 2 1 1 1 1 1 1 1 1 1 1 6 1 6 6 6 1 1 1 6 1 6 4 6 2 3 2 5 1 1 3 6 1 2
521807010 1 1 1 1 1 4 2 1 1 1 2 1 1 5 1 5 5 5 3 3 3 6 1 5 5 5 1 4 1 5 1 5 6 4 5 3
521807020 1 1 1 1 1 1 1 1 1 3 1 1 1 5 1 6 6 6 1 1 1 6 1 6 6 5 2 2 1 6 1 6 6 5 2 3
521881010 6 3 4 2 6 4 5 3 6 2 6 1 4 5 1 6 3 5 1 3 4 5 4 5 3 5 2 4 3 3 4 5 3 3 4 2
521895010 1 1 1 1 5 5 5 3 5 5 2 2 2 4 1 2 4 4 2 4 4 2 5 3 3 5 5 5 4 5 6 2 5 6 6 6
521938010 1 1 1 1 1 1 1 1 2 1 1 1 1 6 1 6 6 6 1 1 1 6 1 5 6 6 1 1 1 6 1 5 5 5 1 1
521944020 1 1 1 1 1 1 1 1 1 1 1 1 1 6 1 5 5 5 1 1 1 5 1 6 6 5 1 1 1 6 1 6 6 6 1 1
521955010 4 4 4 3 3 2 2 1 2 3 5 1 5 5 3 1 3 4 4 5 2 4 4 3 2 3 4 5 2 6 4 5 5 3 4 4
521955020 1 1 4 2 2 2 2 2 2 2 2 2 2 6 1 5 2 4 1 4 2 4 2 5 4 3 2 4 5 3 3 6 5 4 4 3
521958010 1 1 1 1 1 2 2 2 4 4 4 3 4 6 5 6 5 5 6 5 2 5 2 5 3 5 5 4 5 3 5 3 3 3 5 5
521958020 1 1 1 1 3 5 3 2 2 3 3 2 4 4 3 5 5 5 3 3 2 1 2 4 4 4 4 4 4 4 4 4 4 4 4 4
521993010 5 4 3 3 3 1 1 1 2 4 4 4 4 5 2 2 4 3 1 4 5 3 3 2 4 6 3 5 5 4 5 1 4 4 3 3
522010010 1 1 1 1 1 1 1 1 1 1 1 1 4 3 1 5 4 3 1 3 4 5 1 5 4 5 1 4 1 5 1 6 5 5 1 4
522135010 2 1 2 2 3 2 2 2 3 2 3 2 3 3 4 4 3 4 5 4 3 3 3 5 4 4 4 4 4 3 4 3 3 3 4 4
522135020 2 1 2 1 2 1 1 1 5 5 5 5 1 6 1 6 5 6 4 2 1 6 1 6 5 6 2 2 5 5 5 1 1 4 1 2
522141010 6 6 6 6 5 5 5 5 3 4 4 4 5 1 5 1 1 1 6 6 4 5 5 5 5 5 5 5 5 5 5 5 5 5 5 5
522237010 2 1 1 1 5 1 2 2 1 2 2 2 3 4 1 5 5 5 3 3 2 4 2 6 5 6 5 3 4 4 3 5 5 5 4 4
522237020 1 1 1 1 1 1 1 1 2 2 1 1 3 3 2 5 5 6 1 4 2 4 1 6 6 6 2 4 2 4 2 5 5 5 1 2
522245010 4 4 4 4 2 2 2 2 2 2 2 2 4 4 4 2 2 2 4 4 3 3 3 3 3 2 2 4 3 6 2 3 4 4 2 2
522258010 2 1 2 1 1 1 1 1 1 1 1 1 4 4 2 2 1 5 4 4 5 2 1 5 4 4 5 5 4 2 1 2 4 3 5 5
522292010 5 5 4 5 3 2 2 2 3 4 3 3 4 3 1 2 2 2 2 2 3 3 3 4 4 3 3 4 4 3 3 4 4 4 4 4
522292020 5 4 5 3 4 2 2 2 3 3 4 1 3 4 3 2 3 3 4 3 3 3 3 4 3 3 4 3 2 3 1 4 3 3 4 4
522371010 2 2 2 2 3 3 3 3 4 4 4 4 2 6 2 5 5 5 2 2 4 5 4 4 5 4 3 5 5 4 3 4 5 5 4 6
522441010 5 5 5 5 6 6 1 1 2 2 3 3 4 4 4 4 4 3 3 3 4 4 4 5 5 5 5 5 4 3 3 3 3 2 2 3
522502010 1 1 1 1 2 1 1 1 2 2 2 2 4 5 1 6 5 6 2 2 3 5 1 6 5 5 1 1 4 6 4 5 4 6 2 2
522502020 1 1 1 1 2 1 4 1 3 1 2 1 2 3 1 5 5 5 4 3 3 2 3 4 3 3 6 5 3 3 2 3 5 6 5 3
522517011 1 1 1 1 1 1 1 1 1 1 1 1 1 6 1 3 6 6 1 2 1 6 1 6 6 6 1 1 1 6 1 6 6 6 3 1
522546020 5 2 2 2 5 1 2 1 1 1 1 1 2 4 2 5 4 5 2 3 1 3 1 5 4 4 3 2 2 5 2 3 4 4 3 3
522563010 2 1 1 1 2 1 1 1 2 1 1 1 4 3 1 5 4 5 2 4 4 4 1 3 4 5 1 1 2 2 1 2 4 5 2 2
522563020 2 1 2 1 2 1 2 1 2 1 2 2 2 4 2 5 4 5 3 4 1 6 1 6 5 4 4 3 2 6 2 5 4 5 2 4
522598010 2 2 2 1 2 1 1 1 2 3 2 1 4 3 1 4 5 6 2 4 4 3 3 4 4 3 4 4 4 2 2 4 4 4 4 4
522598020 1 1 1 1 2 1 2 1 1 1 1 1 1 2 1 1 1 1 1 2 2 4 1 6 6 5 2 4 1 5 1 5 6 5 2 4
522606010 2 1 3 1 1 1 1 1 2 1 1 1 1 5 1 5 6 5 1 5 5 5 1 5 6 6 5 4 1 5 1 5 6 6 1 2
522649010 1 1 1 1 1 1 1 1 1 1 1 1 1 6 1 6 6 6 2 2 1 6 1 6 6 6 1 5 1 6 1 6 6 6 6 4
522713010 1 1 2 2 1 2 2 1 1 1 1 1 4 1 2 3 3 2 3 4 2 3 2 4 4 3 3 4 3 6 2 4 4 4 4 4
522739010 2 1 1 1 2 1 5 2 2 2 3 2 2 5 1 5 4 5 4 2 2 3 1 5 4 5 5 2 1 2 1 5 5 5 5 3
522751010 1 1 1 1 1 1 1 1 1 1 1 1 1 3 1 6 6 6 1 1 5 2 1 4 3 5 1 6 1 6 1 6 6 6 2 1
522782010 4 1 1 1 3 1 1 1 1 1 1 1 4 6 6 4 4 5 1 4 3 5 1 5 4 5 1 5 5 5 1 5 5 5 1 5
522871020 5 1 4 1 1 5 5 4 4 2 2 2 5 2 1 3 6 6 6 1 2 6 2 2 4 6 6 4 1 6 1 5 6 6 4 4
522925010 1 1 1 1 1 1 1 1 1 1 1 1 1 6 6 6 5 5 5 2 1 5 1 6 5 5 5 2 1 5 1 1 1 1 1 4
523032020 1 1 2 1 5 4 4 4 4 1 1 1 2 2 1 1 2 2 5 5 6 1 6 1 1 1 6 6 1 6 1 3 4 2 2 4
523097020 1 1 1 1 1 1 1 1 2 2 2 2 2 5 2 4 4 4 3 3 2 4 1 5 2 5 1 1 2 3 2 3 3 3 2 3
523114010 4 4 4 3 4 5 3 1 6 4 4 4 5 2 4 2 4 4 6 6 5 3 3 3 4 4 4 6 4 3 4 3 3 4 6 6
523114020 2 2 5 2 5 2 3 3 2 4 3 2 4 2 3 4 1 1 6 5 3 4 3 3 3 3 3 3 4 2 1 3 3 5 2 4
523203010 2 1 1 1 3 2 2 1 2 1 3 2 4 3 4 2 2 3 3 5 4 3 2 3 3 3 2 4 4 4 1 4 3 4 1 3
523271010 5 2 2 3 5 1 5 2 5 4 4 5 5 5 3 5 5 5 5 6 5 5 4 5 4 5 2 5 4 5 4 5 4 5 5 6
523303010 1 1 1 1 3 1 3 2 1 1 1 1 5 5 1 5 2 2 2 4 4 3 2 2 2 2 2 4 1 6 1 6 3 4 1 1
523359011 2 1 1 1 1 1 2 1 2 1 2 1 4 3 1 5 5 4 2 4 5 6 1 5 5 4 5 4 4 2 3 2 3 3 2 4
523391010 1 1 1 1 1 1 1 1 6 6 6 6 1 5 1 5 4 6 1 1 1 6 1 5 6 6 1 1 1 5 1 2 6 1 3 1
523401010 6 5 1 6 5 1 2 4 1 4 5 1 4 2 3 4 4 4 5 6 4 1 4 4 3 4 6 6 4 4 4 5 6 4 5 6
523401020 5 1 2 2 4 1 2 2 1 1 1 1 5 2 4 5 5 5 5 4 1 2 1 2 5 5 4 2 1 5 2 6 5 6 1 2
523443010 3 3 5 6 5 4 4 5 3 5 4 4 5 5 5 4 2 3 3 4 5 5 5 5 5 5 5 5 6 1 6 1 1 1 6 6
523443020 6 6 6 6 5 5 5 5 6 5 6 6 6 6 6 1 6 1 6 6 2 2 2 2 3 3 4 4 6 2 6 1 1 1 6 6
523447010 1 1 1 1 2 1 1 1 2 3 2 2 2 4 2 6 5 5 5 4 2 5 1 3 4 2 2 1 3 4 3 3 4 4 4 3
523451020 1 1 1 1 1 2 2 5 4 3 4 3 1 6 1 6 6 5 2 2 2 5 1 5 5 5 3 4 3 4 3 3 3 4 4 3
523451021 4 4 5 4 2 4 1 6 4 4 4 5 4 4 2 5 5 3 3 4 3 6 4 5 4 3 3 2 4 3 3 3 2 2 2 2
523537010 3 2 4 2 2 2 2 1 2 1 4 2 3 4 2 2 2 4 4 3 4 4 2 2 3 4 5 4 4 3 2 2 5 4 4 3
523539010 2 2 2 1 1 2 3 1 1 1 1 1 1 5 1 5 5 6 2 2 4 3 1 5 5 6 3 4 4 3 1 3 3 4 3 4
523561020 2 1 4 2 1 3 4 1 1 3 3 1 3 3 3 4 5 5 3 6 5 3 1 3 4 2 2 6 2 3 3 4 4 4 3 5
523659010 3 2 2 1 4 2 2 1 2 2 2 2 2 5 6 6 6 6 1 2 4 5 2 6 6 6 2 2 2 5 1 6 5 5 1 1
523709010 2 2 2 2 1 1 1 1 2 2 2 2 2 6 2 5 5 5 2 2 1 6 6 6 4 6 1 1 1 5 1 6 6 5 5 5
523793020 1 1 2 1 2 1 1 1 2 5 1 1 1 6 1 2 5 6 4 2 3 3 2 5 4 5 5 3 2 5 1 6 4 5 4 1
523802010 4 5 5 1 1 1 1 1 1 1 1 1 2 6 2 2 1 6 1 5 1 6 1 6 5 6 1 2 1 6 1 6 4 6 1 4
523802020 2 2 2 3 5 6 6 6 2 1 2 1 3 5 2 5 5 5 1 5 1 3 1 6 5 5 3 4 6 6 6 6 6 5 5 5
523816020 1 1 1 1 1 1 1 1 6 1 1 1 4 6 1 6 6 6 3 4 2 5 1 6 6 6 1 1 4 6 1 6 6 6 1 1
523852010 1 1 3 5 1 1 1 1 1 1 1 1 4 2 5 1 1 2 6 6 1 2 1 6 6 6 1 1 1 1 3 3 3 5 6 3
523871010 2 1 2 1 2 1 2 2 2 2 2 1 4 2 1 5 5 5 2 2 2 4 2 4 5 5 2 2 3 3 2 5 5 5 5 3
523878010 2 2 2 2 1 1 1 1 2 2 2 2 2 3 3 3 4 4 3 3 1 6 1 2 4 5 1 2 2 3 2 3 3 4 4 4
523880010 1 1 1 1 2 1 2 1 2 1 1 1 1 6 1 5 4 5 4 3 1 2 1 5 5 5 4 4 3 3 1 4 4 5 5 5
523903010 1 1 2 2 5 4 4 2 4 2 3 3 4 3 4 2 3 2 4 4 1 4 1 5 5 5 3 4 5 5 4 3 3 3 3 3
523966010 1 3 5 3 5 4 4 4 6 4 3 3 3 5 1 6 2 6 6 4 4 4 2 1 3 5 3 2 5 6 2 4 4 5 5 6
523966020 6 5 5 1 1 1 1 1 6 1 1 1 5 3 5 5 5 5 4 4 1 2 4 5 4 4 5 4 5 1 1 4 1 5 5 5
524016010 5 5 2 2 5 4 4 3 3 2 2 2 2 2 2 3 4 4 2 2 3 6 2 5 4 4 2 2 2 4 2 2 4 4 4 2
524016020 2 1 1 1 1 1 1 1 2 1 2 1 2 6 1 6 5 6 2 2 1 3 1 6 4 5 1 1 3 3 1 5 5 5 4 2
524027010 4 1 4 1 2 1 2 1 4 1 4 1 4 3 1 3 2 4 3 2 2 3 1 5 4 5 1 3 2 5 1 6 5 6 2 1
524052010 4 5 5 5 3 1 2 2 4 3 4 3 5 4 3 4 4 3 3 3 4 5 3 3 4 4 5 5 4 4 3 2 4 2 4 4
524052020 4 5 6 5 3 4 2 4 5 2 4 2 6 4 5 1 1 3 5 6 5 5 4 5 1 4 4 4 5 5 5 1 1 5 5 6
524064010 1 1 2 2 5 1 5 2 6 6 5 5 6 1 1 1 1 1 5 6 4 1 5 5 4 1 5 6 6 1 6 1 1 1 6 6
524064020 1 1 2 2 2 1 2 1 1 1 1 1 2 4 1 6 6 6 1 2 1 4 1 5 4 5 1 2 4 5 1 5 4 6 1 4
524151010 3 3 4 3 3 1 2 1 2 3 4 3 4 4 4 3 4 4 4 4 4 4 2 4 5 5 6 5 4 3 4 3 3 4 5 4
524198010 2 4 5 2 2 2 2 2 1 1 1 1 4 6 1 6 4 6 1 4 4 3 2 6 5 5 2 2 2 3 3 4 4 4 2 3
524198020 6 6 6 6 5 5 5 3 4 4 4 3 1 1 6 2 2 1 2 6 5 1 6 2 2 1 6 6 2 2 4 2 2 2 4 4
524292010 3 3 3 2 1 1 1 1 4 2 3 2 5 2 4 4 3 2 6 6 2 2 3 1 3 3 6 5 4 2 2 4 3 2 6 4
524316010 2 1 2 1 1 1 1 1 2 3 2 2 2 5 2 5 6 4 3 2 1 2 2 2 4 3 2 2 4 5 4 4 3 3 4 5
524316020 2 1 1 1 3 1 3 2 2 1 1 1 5 5 1 4 3 2 2 6 3 6 1 3 3 2 2 6 5 6 1 2 4 2 3 4
524390010 4 4 4 4 2 6 5 5 6 1 1 1 5 5 1 2 2 3 4 4 4 4 4 4 4 4 4 6 1 6 1 5 4 5 2 2
524390020 5 1 4 1 2 4 4 2 4 4 4 4 1 3 2 1 1 2 5 5 5 3 1 1 1 2 3 5 3 3 3 4 3 2 4 5
524473010 4 5 6 5 5 5 4 5 5 4 4 5 4 3 4 3 3 6 3 3 2 5 4 2 5 5 4 2 5 5 4 3 5 6 5 4
524535020 4 6 5 4 4 5 4 4 4 4 4 3 6 5 4 1 5 1 6 6 5 1 6 1 3 1 4 4 6 2 5 1 4 2 6 6
524637010 4 2 2 2 3 1 1 2 1 1 2 1 2 3 1 5 4 4 5 2 4 6 1 6 4 5 5 2 4 6 2 6 5 6 4 3
524637020 4 4 5 5 2 2 4 3 3 5 4 3 5 3 2 3 2 1 4 5 5 1 3 2 3 3 2 3 3 2 2 4 3 4 2 4
524644010 1 1 1 1 1 1 1 1 1 1 1 1 2 6 1 6 4 6 6 1 1 6 1 6 6 6 1 1 2 6 1 6 6 6 2 1
524644020 1 2 1 1 6 6 6 6 1 5 1 1 3 5 2 6 6 5 5 4 5 6 1 6 6 6 2 2 3 6 1 6 6 6 2 2
524645010 5 3 3 2 4 3 3 3 3 3 4 4 5 4 4 3 3 3 4 4 6 2 4 1 1 1 6 6 6 1 4 1 1 1 6 6
524679010 3 2 3 3 2 2 2 2 3 6 3 2 2 2 1 3 3 4 3 3 1 6 1 5 5 6 1 1 3 6 1 5 5 6 1 1
524679020 3 3 3 3 4 2 3 3 5 3 4 2 3 3 2 3 3 4 3 3 3 3 2 3 2 4 2 4 2 3 1 2 3 5 2 5
524705010 1 1 1 1 1 1 1 1 2 1 2 1 2 3 1 5 4 4 3 4 5 4 2 5 4 4 3 5 4 3 3 3 5 5 4 6
524705020 3 3 3 3 3 3 4 2 2 2 2 2 4 3 4 3 2 2 4 5 5 2 5 3 4 3 4 5 4 3 3 4 4 4 2 3
524718020 2 2 1 1 2 2 2 2 1 1 2 1 1 2 1 5 4 5 4 4 2 3 3 3 3 3 3 3 2 2 2 4 3 3 4 4
524742020 2 3 1 1 2 2 1 1 3 3 1 1 3 4 2 3 4 4 4 4 3 5 2 5 4 4 3 3 3 5 2 4 4 4 3 4
524761010 1 3 2 2 2 2 4 2 1 2 4 2 4 6 1 5 5 6 2 2 4 3 1 5 5 5 1 2 5 5 1 5 3 4 1 4
524825010 1 1 2 1 1 1 1 1 5 2 1 1 3 4 2 5 3 5 2 2 1 2 6 5 5 5 1 1 2 5 1 4 5 5 2 2
524825020 2 2 2 3 2 3 2 1 1 1 1 1 5 2 4 3 3 3 5 5 3 4 4 4 5 4 5 4 4 3 2 5 5 5 4 4
524836020 1 1 1 1 2 1 1 1 1 2 3 1 1 5 1 1 6 1 1 1 5 3 6 1 1 6 6 1 5 4 6 1 1 1 1 1
524840010 1 1 1 1 1 1 4 1 1 1 3 1 1 4 4 5 4 6 3 5 1 5 1 4 5 6 1 2 1 5 1 3 5 5 5 4
524987010 1 1 1 1 3 1 3 1 2 1 1 1 3 5 1 3 5 5 1 4 3 5 1 3 4 4 3 4 3 4 1 4 4 4 1 4
524992010 2 2 2 2 5 2 2 2 2 2 2 2 6 5 4 1 1 5 5 5 5 5 1 2 5 5 1 5 5 6 5 4 5 5 5 5
525001020 1 1 1 1 1 1 1 1 1 1 1 1 3 3 1 5 5 5 3 4 3 3 1 5 4 3 4 3 4 4 2 4 4 4 3 4
525002020 4 2 2 1 3 2 4 2 6 1 1 1 4 3 3 2 2 3 3 3 4 2 4 2 2 4 4 4 3 3 3 3 4 4 3 4
525162010 1 1 1 1 1 1 1 1 2 1 1 1 1 6 1 6 6 6 1 1 1 6 1 5 5 6 1 1 1 6 1 5 6 6 1 1
525206010 1 1 1 1 1 1 1 1 1 1 1 1 1 6 1 6 6 6 1 2 1 1 1 3 5 6 1 1 1 1 1 2 5 6 1 5
525217020 2 1 1 1 2 1 2 1 3 5 3 4 2 5 1 6 5 5 4 4 1 4 1 6 5 6 1 3 2 4 3 5 5 6 2 4
525248010 1 1 2 1 1 1 1 1 1 1 1 1 4 6 1 1 1 1 5 4 4 3 1 5 3 4 3 4 5 4 1 4 4 4 1 4
525268010 2 1 2 1 5 3 3 3 1 6 2 1 5 4 4 3 2 5 4 4 6 3 2 1 1 5 3 4 5 2 1 2 6 2 5 6
525290010 5 5 2 1 3 4 4 4 3 1 1 1 6 1 5 2 1 1 6 6 5 5 4 4 4 3 4 4 2 4 2 5 5 4 5 3
525290020 1 1 1 1 1 1 2 1 1 1 1 1 1 6 1 6 6 6 1 1 3 4 1 6 3 5 1 1 2 6 6 6 6 6 6 1
525303010 5 5 5 5 1 6 1 6 1 1 1 1 2 6 6 6 6 6 6 6 1 6 1 6 6 6 6 1 1 1 1 6 6 6 6 1
525382020 1 1 1 1 1 1 1 1 1 1 1 1 1 3 3 4 4 4 4 3 1 5 1 3 4 5 4 3 1 2 1 4 4 4 4 3
525452010 1 1 2 1 3 1 2 2 3 1 2 1 3 4 1 6 5 5 2 4 4 5 1 5 3 4 2 4 4 2 1 5 3 3 4 4
525452020 5 3 5 3 4 2 5 3 5 6 5 4 3 2 4 3 3 3 5 5 6 2 5 1 2 1 6 6 6 2 5 1 2 1 6 6
525464010 4 1 3 2 4 2 2 2 2 2 1 1 4 3 2 5 4 5 3 4 3 4 1 5 4 5 3 3 2 5 2 4 5 5 3 3
525464020 2 2 1 2 1 1 1 1 1 4 2 1 3 6 1 6 4 6 1 3 1 6 1 6 6 6 1 2 1 6 1 6 6 6 1 2
525522010 6 5 5 5 4 5 1 1 6 5 6 5 1 6 5 6 5 5 3 1 1 6 1 6 6 6 2 2 1 6 1 6 5 5 1 1
525546010 1 1 1 1 3 3 2 2 1 1 1 1 5 5 3 1 3 4 4 4 1 1 2 1 2 4 5 5 3 3 4 1 2 2 5 5
525582010 1 2 2 1 2 2 2 1 1 2 1 1 2 6 1 5 4 5 2 3 3 3 1 4 4 4 2 2 2 2 1 4 4 4 2 3
525614010 3 2 3 2 5 4 4 4 1 5 3 3 2 3 1 1 2 5 2 1 2 3 4 1 1 4 2 2 4 3 3 1 2 2 4 5
525656010 4 3 3 2 2 1 2 1 2 2 2 2 4 5 2 3 2 3 4 4 1 6 1 5 5 5 2 2 2 3 1 2 2 2 2 2
525717010 5 3 4 3 3 1 4 1 1 1 1 1 5 3 4 3 3 3 4 4 2 3 1 3 6 5 4 5 5 3 4 2 4 4 4 6
525717020 3 2 3 2 2 1 2 1 1 1 2 1 4 4 4 3 3 5 4 6 5 4 4 2 2 5 5 5 5 3 4 5 2 4 2 6
525747010 3 1 3 2 3 3 3 3 3 1 3 4 6 2 3 3 3 2 1 2 2 2 3 3 2 3 6 3 5 3 1 3 4 4 6 4
525824020 2 1 4 2 2 2 2 2 2 3 3 3 4 1 1 6 4 6 1 4 4 6 1 4 2 6 1 4 4 3 2 2 2 3 3 4
525933020 1 1 1 1 1 1 6 6 6 1 2 2 1 6 1 6 6 6 1 1 1 5 1 6 5 5 2 5 1 5 1 1 2 6 4 4
526116010 6 4 6 6 6 2 6 5 6 1 2 1 3 1 4 1 4 3 5 6 3 2 2 5 6 3 6 6 1 2 1 6 6 6 5 6
526116020 1 1 1 1 1 1 1 1 1 3 1 1 1 3 4 4 3 2 4 6 2 6 1 5 5 4 5 5 2 6 1 3 2 2 3 5
526125010 3 3 3 3 1 3 3 3 1 2 2 1 3 3 2 3 4 4 3 3 4 4 3 4 4 4 4 4 4 4 4 5 5 5 5 5
526132010 1 1 1 1 1 1 1 1 4 1 1 1 3 6 1 6 6 5 2 5 4 6 1 5 5 5 2 4 3 5 1 5 5 5 4 5
526139010 1 1 2 1 1 1 1 1 1 1 1 1 2 3 1 6 4 4 1 4 3 3 2 5 4 3 1 5 2 3 2 5 4 4 2 4
526144010 5 1 2 1 4 1 3 2 4 1 1 1 1 2 1 5 5 5 3 2 1 2 2 5 5 5 5 4 2 1 3 4 5 4 4 4
526152010 1 2 2 1 2 2 2 1 2 2 3 2 2 5 2 5 5 6 2 2 3 4 3 4 3 5 2 4 4 4 4 4 3 5 4 4
526154010 6 6 6 6 5 5 5 5 1 6 1 1 6 6 6 6 6 6 6 6 5 5 5 5 5 5 5 5 1 2 1 2 2 2 2 2
526185020 2 1 2 2 2 2 2 3 3 3 2 3 4 3 3 4 4 5 3 4 3 4 2 2 4 5 4 4 2 4 1 6 5 5 5 4
526189010 3 2 3 3 4 1 2 2 4 2 3 3 2 4 1 3 4 3 3 3 4 4 2 3 3 3 3 3 4 4 2 3 3 3 2 4
526381010 1 1 1 1 1 1 2 1 1 1 1 1 1 6 1 6 6 5 5 2 1 6 1 6 6 4 5 4 3 6 1 6 6 3 2 4
526381020 1 1 1 1 1 1 1 1 1 1 1 1 5 6 1 6 6 6 6 2 2 4 6 5 6 5 3 3 5 5 1 6 6 6 5 4
526475010 4 3 4 4 2 1 2 1 1 1 4 3 4 5 3 4 3 3 4 5 4 6 1 5 5 3 5 5 4 5 2 3 5 4 4 5
526475020 2 1 4 3 1 1 2 1 4 3 3 2 5 2 5 4 3 1 6 6 4 3 4 5 5 4 4 5 4 3 4 3 3 3 5 6
526578010 4 5 6 5 3 3 4 4 2 4 5 4 2 3 2 3 4 3 5 4 5 5 3 2 3 3 4 4 5 2 4 2 3 2 6 6
526586010 1 1 1 1 1 1 1 1 1 1 1 1 1 6 1 6 3 6 1 1 1 6 1 6 4 6 2 1 1 6 1 6 5 6 1 4
526586020 1 1 1 1 2 1 1 1 2 1 1 1 1 6 1 6 3 5 2 2 2 5 1 6 4 5 2 2 1 5 2 2 5 5 5 5
526628010 1 1 1 1 1 1 1 1 1 1 1 1 3 6 1 4 4 6 1 3 1 3 1 5 4 5 1 4 2 5 1 5 4 6 3 4
526797010 3 1 2 1 1 1 1 1 6 1 1 1 4 6 2 6 5 6 1 1 2 5 2 4 2 5 1 2 3 5 1 6 6 5 1 5
526797020 4 2 4 2 2 1 1 1 5 1 2 2 1 4 1 6 4 5 4 2 1 3 1 6 6 5 4 2 1 6 1 6 6 6 3 4
526908010 1 1 1 1 1 1 1 1 2 1 2 3 2 3 3 4 4 1 2 4 1 4 2 4 4 1 1 2 3 3 4 3 4 2 3 5
526908020 4 3 3 2 3 2 2 3 4 4 4 4 3 4 3 4 4 4 5 4 3 4 2 2 3 3 3 4 3 3 2 3 4 3 4 4
526925010 1 1 3 2 3 3 2 3 2 1 3 2 3 4 3 4 5 6 3 2 3 4 3 4 4 4 4 3 4 3 4 3 4 4 4 4
526941010 1 1 1 1 2 1 2 1 1 1 2 2 1 6 1 3 4 5 5 4 2 6 1 3 3 5 2 4 2 1 1 6 5 5 1 2
526946010 1 1 1 1 3 1 1 1 2 2 2 2 1 5 1 6 6 6 1 2 1 3 1 6 5 6 1 2 2 4 1 4 5 5 2 1
527009010 2 1 1 1 1 1 2 1 2 1 2 1 4 5 2 2 5 5 1 1 4 4 2 4 5 5 3 3 1 3 1 4 4 4 3 4
527009020 2 3 4 3 1 2 1 1 3 4 3 3 2 3 3 5 4 4 3 5 3 3 4 3 5 5 3 5 5 1 2 4 3 3 4 4
527017010 4 3 4 4 3 2 2 1 2 2 3 2 5 3 4 2 3 3 4 5 4 2 2 1 2 3 2 4 2 5 2 3 2 3 3 4
527017020 2 1 2 1 2 2 2 2 2 1 1 1 2 5 2 4 4 3 2 4 4 5 2 5 3 3 4 4 3 5 2 5 5 4 2 2
527076010 2 2 2 2 1 1 1 1 1 1 1 1 4 3 3 2 4 3 6 6 3 3 3 4 4 4 4 4 3 3 3 4 5 5 3 4
527079010 3 2 2 3 2 1 1 1 1 1 1 1 3 4 5 5 4 4 4 3 1 3 3 4 3 3 3 3 1 6 1 2 3 6 1 1
527079020 1 1 1 1 1 1 1 1 1 1 1 1 4 1 1 2 3 3 1 1 1 6 1 6 4 6 1 5 1 5 1 2 3 6 1 1
527138010 2 1 2 1 1 1 1 1 1 1 1 1 3 3 3 4 3 3 3 3 1 3 3 4 4 4 2 3 2 2 1 4 4 5 1 1
527143020 5 5 5 5 4 1 3 1 3 1 2 2 5 4 1 1 1 5 5 4 2 5 1 3 5 5 1 1 3 5 1 5 5 6 1 3
527148010 1 1 1 2 3 1 2 1 1 1 1 1 1 3 1 5 5 4 4 2 4 6 1 5 2 3 1 4 1 5 1 5 5 5 1 1
527182010 1 1 1 1 1 1 1 1 1 1 1 1 1 5 1 6 6 6 1 1 2 6 1 5 6 6 1 1 1 6 1 6 6 6 1 1
527210010 1 1 2 1 1 1 1 1 2 1 1 1 1 6 1 4 4 2 1 1 1 5 1 5 5 6 5 1 5 5 1 5 5 5 2 2
527210020 2 2 4 2 2 3 3 2 2 2 2 2 5 3 4 2 4 5 1 4 4 5 2 4 4 5 2 4 3 4 3 3 3 4 3 3
527238010 1 1 1 1 1 1 2 1 1 1 1 1 1 6 1 6 6 6 5 1 1 6 1 6 6 6 1 1 4 4 1 6 4 5 5 3
527238020 2 4 2 2 5 1 2 1 1 2 1 2 5 2 1 3 4 2 4 4 4 3 3 2 3 3 4 4 4 5 4 5 6 6 4 4
527243010 2 2 2 1 1 1 1 1 3 3 4 4 3 3 2 4 3 5 4 4 4 3 4 4 4 5 2 4 4 5 5 3 3 5 2 4
527243020 5 2 2 2 5 2 2 2 6 1 2 1 2 5 1 2 2 3 3 4 3 5 1 2 2 2 4 5 1 5 2 2 4 3 4 5
527270010 1 1 1 1 2 3 2 1 2 2 3 1 1 6 1 3 5 5 4 4 3 6 1 4 5 5 2 3 1 4 6 4 4 4 4 2
527368020 2 1 1 1 2 2 2 2 2 1 2 2 5 1 4 1 2 6 4 4 2 5 1 2 3 4 3 3 2 5 1 1 2 4 2 3
527403010 2 2 2 2 1 1 2 1 2 1 1 1 2 5 5 2 2 2 2 2 4 5 2 3 5 5 5 5 5 5 2 5 4 5 5 5
527403020 1 2 3 2 1 1 1 1 1 2 1 5 4 2 2 5 2 6 1 1 4 6 1 5 5 5 5 4 2 6 3 6 5 6 2 4
527426020 1 1 1 1 1 1 1 1 1 1 1 1 1 2 1 5 5 5 5 5 1 1 1 5 5 5 2 2 1 1 1 5 6 6 2 1
527456010 2 2 2 2 4 1 4 6 3 3 2 3 1 5 1 3 3 6 1 1 4 4 5 4 3 5 6 6 3 4 3 4 3 3 3 4
527460010 1 1 1 2 2 2 2 2 2 3 3 3 2 4 2 4 4 3 3 4 4 3 2 3 3 3 3 3 4 3 3 3 3 3 4 4
527486010 2 1 2 1 2 2 2 2 2 1 2 2 2 4 1 6 6 6 2 4 4 3 4 5 5 5 3 4 4 3 5 4 3 3 4 3
527486020 1 1 1 1 1 1 1 1 2 2 1 1 2 2 1 4 5 4 2 3 2 5 1 1 6 5 3 2 5 5 1 2 5 5 2 4
527545020 1 1 1 1 1 1 1 1 1 1 1 1 1 6 1 6 5 5 5 5 1 1 1 4 6 6 6 6 6 6 1 6 6 6 6 5
527576010 1 1 1 1 1 1 1 1 1 1 1 1 6 6 1 6 6 5 1 1 1 6 1 6 6 6 1 1 1 2 1 6 6 6 1 4
527590020 1 1 1 1 1 1 1 1 1 1 1 1 1 6 1 6 6 6 1 1 1 6 1 6 6 6 1 1 1 6 1 6 6 6 1 1
527633010 5 5 6 6 5 2 5 2 6 6 6 1 6 2 2 1 1 1 6 6 5 5 5 5 2 3 5 5 5 1 1 4 1 6 6 6
527705010 1 1 1 1 1 1 1 1 1 1 1 1 2 6 1 5 2 5 5 5 2 6 1 2 3 5 5 5 2 5 2 3 4 5 4 5
527745020 1 1 1 1 1 1 1 1 1 2 2 2 2 5 1 6 5 5 2 4 2 5 2 6 6 5 2 5 4 5 2 5 5 5 2 4
527753010 2 4 4 3 4 5 5 2 1 3 1 1 5 3 3 2 3 4 3 4 6 4 4 4 1 4 4 4 4 3 2 2 4 5 4 2
527766010 3 3 3 3 1 1 2 2 1 1 2 1 3 6 3 4 4 4 3 4 2 5 2 4 4 6 5 4 2 6 1 5 5 6 5 4
527766020 1 1 1 1 3 1 2 1 1 2 1 1 4 3 3 4 4 3 3 4 4 3 3 2 3 3 2 3 3 4 2 3 3 2 3 4
527780010 4 3 3 2 1 1 1 1 5 4 5 4 5 4 3 4 5 4 6 5 4 2 4 3 3 2 3 3 4 5 6 4 5 4 5 5
527780020 2 6 6 6 5 1 1 1 6 2 2 2 6 1 2 1 1 1 6 6 4 2 2 5 4 5 2 4 3 4 2 3 4 4 4 6
527802010 2 2 2 2 6 3 5 2 1 5 6 5 2 6 2 6 5 4 6 5 4 3 4 2 3 3 3 6 6 3 6 1 1 4 6 6
527802020 1 2 3 1 3 3 4 2 3 2 3 2 2 4 1 4 4 4 4 4 3 4 2 2 4 4 4 4 4 3 3 3 4 3 4 4
527809010 4 3 3 3 4 2 4 2 3 3 4 3 6 4 3 3 4 4 3 3 6 5 5 5 5 5 6 5 3 3 2 2 2 5 3 3
527891010 1 1 1 1 1 1 1 1 1 1 1 1 2 6 1 4 6 6 1 1 1 2 1 2 6 6 1 1 1 2 1 6 6 6 1 1
527904010 3 1 1 1 1 4 1 1 1 2 1 1 2 6 6 4 4 4 5 4 6 6 1 5 4 5 1 1 2 6 1 3 3 5 4 2
527904020 1 1 1 1 2 1 1 1 1 1 1 1 1 3 1 5 5 5 5 4 1 5 1 5 5 5 3 4 1 3 1 4 4 5 3 4
528011010 5 4 2 1 1 1 1 1 1 1 1 1 1 6 1 5 6 6 1 1 1 6 1 5 4 5 1 4 1 6 1 6 6 6 1 1
528093010 1 1 1 1 1 1 1 1 1 4 2 1 2 5 2 3 5 4 2 2 6 2 6 2 1 2 6 6 3 6 1 5 5 6 1 1
528116020 2 2 2 2 6 4 3 3 2 2 3 3 4 2 4 5 3 3 4 4 5 2 5 2 2 2 5 4 4 3 4 3 3 3 4 4
528123010 6 5 5 3 1 1 1 1 1 1 4 1 1 1 1 1 1 1 6 6 5 5 4 4 3 3 3 5 5 3 4 2 1 1 6 6
528181010 1 1 1 1 1 1 1 1 1 1 1 1 1 3 1 3 4 5 2 4 4 4 1 5 4 4 2 2 4 3 1 3 5 5 2 1
528181020 2 1 1 1 1 1 1 2 2 1 2 1 1 6 1 6 6 5 5 2 5 5 1 4 3 4 4 2 4 4 1 6 5 5 5 4
528182020 3 1 4 3 2 1 2 2 2 4 3 2 2 6 1 6 5 6 2 1 5 5 1 6 6 5 2 2 4 6 2 5 3 5 2 1
528185010 3 2 2 2 4 1 3 2 4 2 2 2 2 2 2 4 2 2 2 2 4 5 4 4 4 3 2 4 3 3 2 3 4 2 2 3
528185020 3 3 2 3 2 2 2 2 2 2 2 2 5 1 2 4 4 4 2 5 4 6 2 5 5 5 4 5 4 3 3 4 4 4 5 4
528249010 3 3 3 3 1 1 1 1 1 1 1 1 1 4 1 3 1 3 4 4 1 5 1 6 6 5 1 2 2 6 1 6 6 6 1 1
528249020 3 1 3 2 1 1 2 2 5 1 6 6 2 6 1 5 5 5 1 5 1 6 1 5 6 6 1 2 1 6 1 5 4 5 1 1
528266010 4 2 2 1 5 1 4 1 2 1 1 2 4 4 1 3 3 3 2 4 5 4 4 5 4 3 4 4 2 5 1 4 5 5 4 4
528266020 3 3 4 4 3 2 3 2 4 2 2 2 5 1 1 3 4 4 4 4 4 3 2 3 4 4 3 3 3 3 1 4 4 5 4 4
528274020 1 1 1 1 1 1 1 1 1 1 1 1 3 5 1 4 5 4 3 4 4 5 2 6 4 4 2 5 4 5 2 2 3 2 2 3
528282010 3 1 3 3 4 2 5 4 3 1 3 2 4 4 2 5 4 3 2 4 3 4 1 3 3 4 1 4 3 4 3 2 3 4 3 2
528342010 3 1 2 1 2 1 2 1 1 1 2 1 4 6 3 5 6 5 4 2 4 3 3 3 4 4 2 2 1 5 1 6 5 6 1 1
528362020 1 1 2 1 2 1 2 1 1 1 1 1 2 5 1 5 4 5 2 2 1 6 1 5 5 5 2 2 2 5 1 5 4 5 2 2
528423020 1 1 1 1 6 1 1 1 1 1 1 1 1 6 1 6 6 6 1 1 2 5 1 5 5 5 2 5 1 1 6 5 6 6 1 1
528432010 3 4 4 4 1 4 4 4 4 4 4 4 3 3 3 2 2 3 4 4 4 4 2 1 2 3 1 6 6 2 1 3 3 6 2 5
528444010 1 1 1 1 2 1 3 1 1 1 1 1 1 5 1 5 4 4 2 4 3 4 2 2 3 5 2 2 2 3 1 3 4 4 1 1
528452020 2 1 1 1 1 1 1 1 1 1 1 1 1 2 1 6 5 5 1 2 2 2 1 6 4 5 2 3 3 2 2 5 4 5 2 4
528499010 2 1 1 1 1 1 1 1 3 6 1 1 1 6 1 5 5 5 2 1 1 1 1 1 6 6 1 1 1 6 1 6 6 6 1 1
528535010 5 5 4 3 2 6 1 1 1 1 1 1 6 2 4 1 1 2 4 2 2 1 3 1 4 5 6 5 3 1 1 1 5 5 6 5
528582010 1 1 1 1 1 1 1 1 1 1 1 1 1 5 1 2 5 6 2 1 1 2 1 5 6 5 4 2 1 2 1 3 6 4 4 3
528627011 3 1 4 2 1 1 1 1 2 1 2 1 4 5 2 2 2 2 3 4 3 2 2 2 5 3 4 2 4 2 4 4 4 3 5 4
528637010 6 1 1 1 1 1 1 1 1 1 1 1 5 4 1 3 4 6 2 2 4 3 1 3 3 5 5 1 5 6 1 3 4 3 4 6
528714010 2 2 2 1 1 1 1 2 1 1 1 1 2 2 1 5 5 5 2 2 1 2 2 3 4 5 2 4 1 3 1 5 5 5 3 4
528737010 1 1 1 1 1 1 1 1 1 1 1 1 5 5 5 5 4 5 2 5 4 3 3 5 4 5 4 4 2 2 1 6 6 6 2 5
528737020 3 3 3 3 3 2 2 2 2 1 1 1 4 5 2 5 4 5 3 2 2 5 2 5 5 5 2 4 2 5 1 5 5 5 1 3
528763020 1 1 1 1 2 1 3 1 1 1 2 1 1 3 1 4 4 5 1 4 2 5 1 3 4 5 1 4 2 5 1 6 5 5 2 4
528871010 3 2 4 3 5 4 4 4 5 4 4 3 4 4 2 3 3 3 4 5 5 5 2 2 2 1 2 1 5 2 3 1 1 1 5 6
528895010 2 2 4 3 3 2 2 2 3 4 4 2 5 3 3 3 2 2 5 4 4 4 3 3 3 5 2 4 5 3 2 4 2 3 4 4
528895020 2 1 2 1 2 2 2 2 1 1 2 1 2 2 1 5 5 5 2 3 4 2 2 5 4 3 5 5 2 3 1 5 5 5 5 2
528899010 1 1 2 1 2 1 1 1 1 1 1 1 2 5 1 3 4 4 2 3 2 4 2 2 4 3 4 4 4 5 1 4 5 4 4 5
528899020 4 1 5 2 4 3 5 5 6 1 5 1 4 6 4 5 5 6 4 4 4 3 3 3 5 5 5 5 2 5 2 5 5 6 4 2
528998020 3 4 4 3 5 2 2 2 2 2 2 2 5 5 5 3 3 3 4 5 3 2 2 2 4 4 3 2 5 5 3 2 4 4 3 3
529039010 3 3 3 3 3 3 3 3 2 2 2 2 4 4 2 3 3 3 4 3 2 4 1 4 4 5 2 2 4 5 1 5 4 4 3 2
529044010 1 1 1 1 1 1 1 1 1 1 1 1 4 2 1 2 4 5 1 2 4 1 1 1 1 3 1 4 5 4 1 1 2 1 1 5
529044020 1 1 2 1 1 1 1 1 1 1 1 1 4 6 1 5 5 6 2 2 4 6 1 5 6 6 2 2 2 6 1 5 6 6 1 3
529054010 1 1 1 1 1 1 1 1 2 2 2 2 1 6 1 6 6 5 1 4 1 6 1 6 6 6 1 1 5 3 3 5 4 4 3 4
529054020 2 1 1 1 2 1 1 1 2 1 2 1 4 5 3 3 3 4 4 4 5 4 3 5 3 5 2 4 5 6 4 4 3 4 4 4
529059020 3 1 1 1 2 1 2 1 2 1 1 1 3 6 3 5 4 3 3 4 3 2 4 3 3 4 2 4 2 2 2 5 5 3 2 5
529159020 4 4 4 3 4 2 2 3 3 1 1 1 4 4 3 3 3 4 4 4 3 3 4 3 4 4 4 4 2 5 3 4 4 4 3 3
529160010 5 5 5 2 3 5 2 1 2 1 2 1 2 2 2 3 2 4 4 3 3 2 2 3 4 5 4 2 2 5 1 5 4 6 5 2
529160020 5 6 5 5 6 6 6 5 5 1 3 3 6 6 6 1 1 1 6 6 3 3 2 2 6 1 5 5 3 2 4 6 6 4 6 5
529172010 1 1 2 1 1 2 4 1 1 1 1 1 4 3 1 6 5 3 5 5 4 4 3 4 3 5 5 4 5 3 3 6 4 3 5 6
529172020 6 4 5 5 3 5 4 3 6 4 4 4 2 6 3 1 4 5 3 2 5 4 3 1 3 5 4 4 4 1 4 1 3 4 4 6
529228020 1 2 1 1 1 1 1 1 1 2 1 1 1 5 1 5 3 5 1 2 1 3 1 5 5 4 1 2 2 5 1 4 4 4 3 3
529234020 1 1 1 1 1 2 1 1 1 1 2 1 4 6 2 1 3 6 1 2 4 6 6 6 5 5 1 2 5 4 1 6 5 5 1 3
529253010 1 1 1 1 1 1 1 1 1 1 1 1 4 2 1 3 3 6 1 3 1 4 1 6 5 6 1 1 1 6 1 6 6 6 1 2
529253020 1 1 1 1 2 1 1 1 1 1 2 1 4 2 5 6 5 5 4 4 3 3 1 6 5 5 2 6 4 3 4 5 4 4 5 3
529263010 4 4 4 4 3 2 5 2 3 2 4 2 4 5 2 3 2 2 5 5 2 5 2 6 2 2 6 6 2 3 2 5 1 2 6 5
529264010 1 1 1 1 1 1 1 1 1 1 1 1 2 2 1 6 6 6 4 4 1 6 1 6 6 6 4 4 1 6 1 6 6 6 5 4
529417010 2 2 2 2 4 1 1 1 2 1 1 1 4 3 2 5 5 5 5 4 4 3 3 1 4 4 5 4 2 4 2 5 4 4 4 2
529444010 1 1 1 1 1 1 1 1 1 1 3 1 4 6 4 1 3 5 3 4 4 6 1 3 6 5 4 3 6 1 5 1 6 4 4 6
529444020 1 1 2 2 1 1 1 1 1 1 1 1 2 6 2 1 3 4 1 4 1 6 1 5 6 5 2 4 4 3 3 4 5 3 3 4
529468010 2 1 1 1 1 1 1 2 2 1 1 1 3 3 2 5 5 5 2 4 3 3 1 4 5 5 4 4 2 4 2 6 5 5 3 4
529468020 1 1 1 1 2 1 1 1 6 1 1 1 4 3 2 6 4 4 4 4 4 3 2 5 5 4 5 4 5 2 3 6 6 5 4 4
529485010 3 2 3 3 4 4 4 4 4 5 5 5 2 5 2 4 4 4 3 3 2 4 2 4 4 4 2 3 2 4 2 4 5 5 3 4
529522010 1 1 1 1 2 1 1 1 1 1 1 1 1 2 1 2 5 5 4 2 2 5 1 5 4 6 4 2 2 6 1 5 6 6 4 2
529565011 1 1 1 1 3 1 1 1 1 1 4 2 4 3 3 5 2 1 2 3 2 3 1 3 3 3 2 4 4 5 2 2 2 2 2 5
529566010 1 4 3 1 3 1 1 1 1 6 6 6 2 6 1 1 1 1 1 3 4 4 6 1 1 1 6 3 6 5 6 5 6 6 5 3
529708010 2 1 2 2 2 1 2 1 2 2 2 2 2 3 1 6 6 6 2 2 3 3 1 2 5 6 5 4 2 5 1 5 5 5 4 3
529708020 2 1 1 1 2 1 2 1 1 1 1 1 4 5 2 4 4 3 4 3 4 5 1 5 5 4 4 3 3 6 1 5 5 4 2 4
529876010 3 4 3 4 4 3 3 3 3 3 3 3 3 4 3 3 4 4 4 4 3 4 1 5 4 4 4 4 4 3 1 4 4 2 4 4
529921010 1 1 1 1 1 1 1 1 2 1 1 1 1 5 1 6 6 6 1 1 2 5 1 1 5 5 1 1 1 4 1 5 4 5 3 2
529921020 6 5 3 3 4 1 3 3 4 1 1 3 3 6 3 6 1 6 1 1 4 6 1 4 3 5 2 4 6 6 1 2 1 5 1 5
529960010 1 1 1 1 1 1 1 1 1 1 1 1 2 3 1 6 6 6 5 5 1 3 1 6 6 6 2 1 1 6 1 6 6 6 1 1
529960020 1 1 1 1 1 1 1 1 1 1 1 1 1 5 1 6 6 6 2 2 1 5 1 5 6 6 2 2 1 4 1 4 4 4 1 1
529996010 2 2 3 1 2 3 4 2 1 1 1 1 5 1 3 2 1 1 5 6 4 2 2 2 1 1 6 6 4 3 4 2 2 2 6 5
529996020 4 4 4 4 5 3 3 3 3 3 3 2 3 4 3 3 3 4 3 3 3 2 2 2 2 2 5 5 3 3 3 4 2 3 3 4
530232020 2 2 3 2 2 1 3 2 2 2 2 2 4 2 2 2 2 2 5 3 2 2 2 2 2 2 4 2 5 2 2 1 2 4 6 5
530332010 1 1 2 1 1 2 1 1 1 2 2 1 4 5 1 5 5 5 1 1 4 4 2 4 3 4 4 4 4 5 2 3 3 4 4 6
530332020 4 2 3 3 3 1 3 3 2 1 1 1 2 4 2 5 4 3 3 3 2 3 2 4 4 4 4 4 3 5 3 5 5 4 3 4
530366020 2 3 3 1 4 4 4 4 5 4 3 4 3 4 1 6 4 6 2 2 1 4 1 5 4 5 2 4 4 4 1 4 4 6 2 4
530397010 6 1 1 1 1 6 1 1 1 1 1 1 1 1 1 5 5 5 3 3 3 3 1 3 4 3 4 4 6 3 3 2 3 2 3 3
530421010 6 5 6 6 4 4 1 4 5 5 5 5 5 5 5 5 5 5 5 5 4 5 2 5 4 4 2 5 4 4 2 4 4 4 3 3
530425010 1 1 1 1 1 1 1 1 1 1 1 1 1 5 1 5 5 5 4 2 1 2 1 5 5 5 1 1 4 5 1 6 5 5 3 3
530521010 1 2 1 1 2 2 1 2 3 1 1 1 5 3 3 2 5 5 3 5 3 2 2 2 4 5 4 2 2 6 1 5 6 4 3 4
530655010 1 1 1 1 3 3 1 2 2 3 4 3 5 1 2 4 1 2 2 6 4 1 5 1 1 2 6 6 4 2 4 1 2 3 6 6
530661010 5 1 1 1 2 3 3 3 1 1 1 1 1 6 1 6 6 6 1 1 2 6 1 6 6 6 1 2 3 6 4 5 5 6 4 5
530735010 1 4 4 1 2 1 1 1 1 1 1 1 1 6 1 3 1 5 1 1 5 6 1 6 4 4 1 5 4 3 1 6 4 6 1 2
530775020 1 1 1 1 1 1 1 1 6 1 1 1 1 5 1 5 5 5 1 1 1 6 1 6 6 6 1 1 1 3 1 6 6 6 5 1
530844010 2 1 4 2 3 3 3 1 2 2 3 2 3 3 1 5 5 5 2 5 4 5 2 5 5 5 3 2 4 2 3 6 4 4 3 3
530844020 2 1 4 2 3 3 3 1 2 2 2 2 3 3 1 5 5 5 2 5 4 5 2 5 5 5 3 2 5 3 3 5 4 4 4 5
530937010 5 6 1 1 5 6 6 2 6 2 1 1 6 1 6 1 1 1 6 6 1 6 6 6 6 6 1 2 6 1 1 1 1 1 1 1
530960010 4 3 3 3 2 1 2 2 1 2 2 1 5 2 3 2 4 3 4 4 2 4 1 4 3 4 2 3 4 4 2 4 2 3 3 4
530960020 4 3 4 3 5 3 5 3 5 4 4 3 5 2 3 3 2 4 4 3 5 2 2 2 2 5 2 5 4 4 4 3 2 3 4 4
531159020 6 6 6 3 1 2 5 2 1 1 2 1 6 2 5 1 1 2 6 6 4 3 1 5 5 5 4 4 5 2 1 6 6 6 5 5
531180010 4 3 4 2 2 2 4 1 2 2 2 2 5 2 1 2 1 5 3 3 3 2 1 1 3 4 4 4 3 2 1 1 1 3 3 4
531203010 1 1 2 1 1 1 1 1 1 1 1 1 1 6 1 4 4 6 2 2 1 6 1 2 4 4 2 2 2 6 1 3 3 3 3 2
531203020 1 1 1 1 2 3 2 1 1 1 2 1 5 6 1 6 6 6 4 5 4 6 2 6 6 6 2 2 4 1 1 5 4 6 4 4
531210010 3 3 3 3 3 2 3 3 2 2 2 2 4 3 3 4 4 4 3 4 4 3 3 4 3 4 3 4 4 3 3 4 4 4 3 4
531210020 3 3 3 3 3 3 3 3 3 3 2 2 5 5 5 5 4 4 4 4 4 3 2 3 3 4 3 4 4 4 3 3 3 4 3 4
531254010 4 1 3 1 1 1 2 1 2 1 4 1 2 5 1 3 2 3 2 4 2 5 2 5 4 4 3 2 4 3 1 4 3 5 5 4
531373020 2 1 2 2 5 3 3 3 2 2 3 2 5 3 2 3 4 5 3 2 2 3 2 2 2 5 3 3 2 5 1 5 5 6 1 3
531521010 1 1 1 1 1 1 1 1 1 1 1 1 2 6 1 6 6 6 1 1 4 4 1 4 6 6 1 4 2 5 1 2 5 5 2 1
531602010 5 4 5 5 5 4 4 3 5 4 5 3 5 2 5 1 2 5 4 5 4 2 4 2 2 2 4 4 5 2 4 1 2 3 5 5
531691010 3 2 3 3 2 2 2 2 3 1 1 1 1 6 1 5 5 5 1 1 1 5 1 6 6 6 1 1 3 4 1 5 5 5 2 4
531691020 1 1 2 1 1 1 1 1 2 2 3 1 3 4 2 4 3 4 3 3 2 4 1 3 3 5 3 3 3 3 3 3 3 4 3 4
531696010 5 2 2 2 2 2 2 2 2 1 2 1 2 4 2 5 4 4 3 4 2 5 1 5 5 5 2 2 2 4 1 5 4 6 3 3
531763010 2 2 2 2 4 4 4 4 1 1 1 1 6 1 6 6 6 1 6 6 4 1 4 1 4 1 1 4 1 6 1 6 2 6 5 6
531807010 1 1 1 1 1 1 1 1 2 1 1 1 2 3 3 3 4 4 3 4 1 3 1 2 6 3 4 6 1 4 4 1 2 2 3 3
531863010 1 1 1 1 1 1 1 1 1 1 1 1 1 6 1 6 5 6 1 4 1 6 1 5 5 5 2 3 3 5 1 6 5 6 1 1
531923020 1 6 1 1 6 4 1 1 1 1 1 1 2 6 5 4 5 6 5 1 5 4 3 2 2 4 4 4 4 4 4 4 4 4 4 4
532114010 2 1 1 1 1 1 1 1 1 2 1 1 4 2 1 5 3 3 4 6 4 3 5 2 5 1 1 1 5 2 3 5 3 4 5 5
532114020 1 1 1 1 2 1 1 1 2 1 1 1 2 6 1 6 6 6 1 1 1 6 1 5 6 6 1 1 4 6 1 6 6 6 1 1
532115020 5 5 5 5 2 2 2 5 5 4 4 4 5 5 5 5 5 5 5 5 5 5 5 6 5 6 5 5 4 4 4 5 5 5 4 4
532216010 1 1 2 1 1 1 1 1 1 1 1 1 2 3 1 1 5 5 1 4 1 6 1 1 1 1 6 4 4 1 4 6 4 2 2 5
532216020 4 1 3 3 5 3 4 2 2 4 3 2 3 4 2 3 5 5 3 4 4 4 1 5 5 5 3 3 1 5 2 5 6 5 2 4
532391020 1 1 1 1 6 1 1 1 1 1 1 1 4 2 1 1 3 2 5 6 5 2 1 1 1 2 6 6 5 1 2 1 1 1 5 6
532455010 1 1 1 2 3 1 2 1 3 4 4 4 4 1 2 2 2 3 3 3 4 3 4 4 5 4 6 6 5 1 2 3 4 2 5 4
532584010 6 6 6 6 1 1 1 1 2 6 2 2 5 3 1 6 6 6 5 6 1 6 1 6 6 6 1 1 6 5 4 6 6 6 1 5
532712020 5 1 2 1 1 1 5 1 1 2 2 2 1 3 1 1 5 5 1 6 5 5 1 3 3 5 1 6 4 2 1 1 5 3 4 6
532744010 5 4 5 3 4 3 4 4 3 2 2 2 5 5 2 6 5 6 2 2 4 5 4 2 5 6 5 2 4 5 4 6 6 6 5 2
532744020 1 1 1 1 1 1 1 1 1 1 6 1 4 6 2 2 3 4 5 5 2 6 1 6 6 6 2 4 3 5 1 1 4 4 2 3
532762010 4 4 5 4 4 3 4 4 4 3 4 3 5 2 4 3 1 1 5 5 4 1 4 1 2 1 5 5 2 2 2 2 1 2 5 5
532771010 2 1 5 1 1 6 2 2 6 6 3 3 3 4 2 4 5 5 4 5 4 3 4 1 3 1 5 6 5 2 4 2 3 1 3 6
532835010 5 1 3 2 5 1 2 2 6 5 3 1 3 2 2 2 2 3 3 5 1 5 2 5 2 3 2 1 2 2 1 4 2 3 4 3
532858010 2 1 1 1 2 1 2 1 2 2 2 2 4 3 1 3 3 3 5 5 4 4 3 5 3 4 3 4 4 3 3 2 3 3 4 4
532858020 5 1 5 5 5 3 5 2 2 2 5 2 5 2 6 5 3 1 6 6 6 1 6 3 1 1 6 6 5 5 5 5 5 3 6 6
532860010 3 5 4 3 5 3 4 2 4 3 5 3 2 5 5 4 3 4 4 4 3 6 2 5 5 4 2 4 2 5 2 2 3 5 5 6
532902010 1 1 5 1 1 1 1 1 1 1 3 1 2 2 1 6 5 5 4 4 4 6 1 6 6 6 1 2 1 1 1 6 6 6 4 4
532902020 1 1 1 1 2 1 1 1 1 1 1 1 2 3 1 5 5 5 1 2 2 4 1 4 2 4 2 4 2 6 1 5 5 5 1 4
533044020 4 2 3 3 2 1 1 1 2 2 4 2 4 4 4 4 4 3 2 3 3 6 1 3 5 5 2 4 3 4 2 3 3 3 2 3
533192010 6 5 5 5 6 1 3 2 2 1 1 1 1 5 5 6 6 6 5 5 4 6 5 6 5 5 4 4 5 5 4 6 6 6 5 5
533300020 5 5 2 1 1 4 2 2 3 1 3 1 4 6 5 2 5 5 5 5 5 4 2 4 4 4 6 5 5 5 5 1 5 6 6 6
533420010 1 1 1 1 1 2 1 1 1 1 1 1 3 4 1 1 2 5 4 2 4 1 1 5 5 4 4 4 1 6 1 6 5 5 5 1
533438010 2 1 1 1 2 2 2 2 2 5 2 2 5 3 2 1 3 3 5 5 2 4 2 4 2 3 3 3 4 4 3 2 3 4 4 5
533438020 6 5 5 3 6 4 4 3 4 3 3 3 6 1 6 1 2 5 6 6 4 5 3 3 4 5 5 4 6 3 4 2 2 3 6 6
533634010 1 1 1 1 2 1 1 2 1 1 1 1 2 3 1 1 5 6 5 6 1 5 1 2 5 6 3 4 3 3 2 1 4 5 5 6
533644010 1 1 1 1 1 1 1 1 1 2 3 3 5 4 1 6 4 5 6 4 4 4 3 2 4 3 4 4 5 2 5 2 1 3 4 6
533656020 1 2 1 1 1 1 1 1 1 1 1 1 4 4 1 3 3 4 1 4 4 4 2 3 2 4 3 4 4 3 3 4 4 5 3 4
533667010 4 3 4 4 5 3 4 4 3 1 2 1 5 1 5 1 2 3 5 6 4 3 4 2 3 3 4 5 2 4 2 5 6 5 4 6
533675010 1 1 1 1 1 4 1 1 2 1 1 1 4 5 1 4 5 5 4 3 1 6 1 6 5 6 2 1 1 2 1 6 6 6 1 3
533675020 4 2 2 2 4 2 2 2 1 1 1 1 5 3 3 2 2 4 4 5 4 3 4 3 3 4 4 4 3 4 3 4 3 4 4 3
533684010 1 2 1 1 2 1 1 1 2 1 2 2 3 4 1 2 5 4 3 3 4 3 4 3 4 4 4 4 3 3 3 2 4 3 3 5
533736020 1 1 1 1 2 2 1 1 1 1 1 1 1 4 1 4 4 6 4 4 1 5 1 3 3 6 1 2 1 5 1 5 4 5 1 3
533831010 3 3 2 2 3 2 3 3 5 4 3 3 4 5 3 2 4 4 5 5 3 3 2 2 3 3 4 4 6 1 3 1 1 1 6 6
533894010 6 6 5 4 5 4 5 4 4 4 4 3 6 1 6 1 1 1 6 6 4 2 4 2 2 2 2 2 3 3 2 5 4 4 4 5
533980020 3 1 2 2 2 1 2 2 5 2 2 2 5 3 4 2 2 2 4 3 4 4 2 2 3 5 3 4 4 4 4 2 3 5 4 4
534005010 3 3 3 2 2 2 4 3 3 3 3 3 3 5 2 4 3 4 3 4 3 5 3 3 3 4 4 4 4 4 3 3 3 4 3 4
534069010 3 4 3 3 3 3 3 3 2 3 3 3 3 1 4 1 4 4 3 4 4 3 5 1 3 4 5 4 5 4 3 1 3 4 5 5
534106010 1 4 3 1 2 2 4 4 3 3 4 3 2 5 2 2 2 2 3 6 2 5 6 6 6 6 4 1 2 3 6 6 6 6 5 4
534150010 2 2 2 2 5 3 3 3 1 1 1 1 5 2 5 2 2 5 5 5 4 6 5 6 5 6 5 5 5 5 5 5 5 6 6 6
534197010 1 1 1 1 4 2 2 2 1 1 1 1 5 5 3 1 1 5 2 5 1 6 1 4 2 5 2 5 1 6 1 5 5 5 2 2
534227010 1 1 1 2 2 2 2 2 3 2 2 2 5 6 6 6 6 6 1 1 2 1 1 6 5 5 1 1 4 6 5 5 4 6 2 2
534227020 3 2 2 1 2 2 2 2 2 1 1 1 1 6 1 5 5 5 1 2 2 6 1 5 5 5 2 1 5 6 1 5 5 6 2 5
534381010 1 1 1 1 1 1 1 1 1 1 1 1 6 2 1 1 1 1 4 5 3 2 1 1 1 1 5 5 1 3 1 2 3 2 4 4
534445010 3 3 3 3 3 3 3 3 4 3 3 3 3 4 3 3 4 4 3 3 3 4 3 4 4 4 3 4 3 4 3 4 4 4 2 4
534445020 1 1 1 1 1 1 1 1 1 1 1 1 2 5 1 3 5 5 2 2 1 6 1 5 5 6 1 1 2 4 1 5 5 6 2 2
534454010 4 4 5 5 3 2 2 1 3 1 1 1 4 6 3 4 1 2 6 6 4 1 3 2 1 1 6 6 2 3 1 3 5 5 4 4
534455010 1 1 1 1 1 6 1 1 1 1 1 1 1 4 1 4 3 4 3 2 1 3 1 5 6 5 1 1 3 3 2 4 4 4 5 5
534517020 2 2 3 2 2 1 2 2 2 1 2 1 3 5 3 3 5 4 3 3 2 5 2 5 5 5 2 2 2 5 3 5 2 5 2 3
534540020 1 1 1 1 1 1 1 1 1 1 1 1 4 5 1 6 4 6 5 5 5 6 1 5 6 5 3 4 4 5 2 5 3 5 3 4
534567010 2 2 3 1 3 3 2 1 2 4 3 3 4 4 2 2 4 3 6 4 3 4 2 2 4 5 5 5 5 4 2 3 3 2 5 5
534567020 2 1 2 1 5 1 2 2 3 3 3 3 2 6 1 6 6 6 5 5 5 5 1 6 4 6 4 4 4 5 2 4 4 4 3 4
534658010 6 4 6 5 5 2 6 5 1 1 1 1 6 1 5 1 1 1 4 6 6 2 2 1 1 1 6 6 1 1 2 4 4 3 1 1
534658020 1 1 1 1 3 1 3 3 1 1 1 1 6 1 4 3 6 6 6 6 1 3 1 6 6 6 6 4 1 3 3 6 6 6 3 1
534698020 1 1 1 1 2 1 1 1 4 4 4 4 4 6 1 4 4 5 1 4 4 6 5 1 3 4 1 4 6 2 4 1 1 3 3 4
534702010 2 1 1 1 2 1 1 1 1 1 1 1 3 6 1 2 5 5 2 3 4 5 1 2 4 5 2 2 4 3 1 5 4 6 4 4
534780020 1 3 2 2 1 2 2 2 5 4 5 2 5 5 3 6 5 5 5 5 4 5 3 5 5 5 4 4 5 5 4 6 5 6 5 5
534862010 2 1 3 2 1 1 2 1 1 1 3 1 3 4 2 4 3 5 2 2 3 4 1 5 4 6 1 2 4 5 2 5 5 5 2 3
534998010 1 1 1 1 1 1 1 1 2 2 3 1 1 3 1 5 5 5 4 1 5 3 1 5 4 5 4 4 4 3 1 1 2 4 3 4
534998020 1 1 1 1 1 1 1 1 1 1 1 1 1 6 1 6 6 6 1 1 1 6 1 6 6 6 1 4 1 6 1 6 5 5 1 1
535002010 1 1 1 1 1 1 1 1 1 1 3 1 3 6 1 6 6 6 6 2 3 6 1 3 5 6 2 2 1 5 1 5 5 6 3 2
535056010 1 1 1 1 2 1 1 1 1 1 1 1 4 5 2 4 4 4 4 4 5 4 2 4 5 5 3 3 3 3 1 5 5 5 2 2
535057010 6 5 5 4 6 1 1 1 1 5 3 2 5 5 5 4 4 6 6 6 2 2 2 2 2 2 1 1 5 2 1 2 6 6 6 5
535162010 1 1 1 1 4 1 1 1 1 1 1 1 1 1 1 6 6 6 4 4 2 6 3 5 5 5 5 5 3 5 1 5 5 5 5 6
535162020 5 5 5 5 2 2 4 2 5 2 5 2 4 4 2 5 5 5 5 3 3 3 3 4 4 4 3 4 6 4 5 4 4 5 6 5
535198020 3 3 3 3 1 1 1 1 1 1 1 1 4 3 1 3 4 4 6 1 5 5 1 1 6 6 5 5 2 6 1 5 6 6 3 2
535234010 6 1 1 1 1 1 1 1 1 1 1 1 1 6 1 6 6 6 1 1 1 6 1 6 6 6 1 1 1 6 1 6 5 6 5 1
535369010 1 3 2 2 1 1 1 1 1 1 1 1 5 5 2 5 2 4 2 3 4 5 1 2 3 4 1 3 4 5 2 2 3 4 1 4
535424020 2 1 1 1 1 1 1 1 1 1 1 1 1 6 1 6 5 5 2 1 1 6 6 6 6 6 4 2 2 1 1 1 1 6 5 2
535442010 2 6 1 1 1 1 1 1 1 1 1 1 6 5 5 5 5 5 5 4 6 5 4 2 5 6 2 5 5 6 5 5 5 6 4 5
535442020 3 2 2 3 1 1 1 1 1 1 1 1 4 4 1 6 6 6 1 1 1 5 1 5 5 5 2 2 5 6 2 6 6 6 2 2
535673010 3 1 3 1 2 1 3 1 2 1 3 1 2 4 2 4 3 5 4 4 3 4 2 4 3 5 2 4 2 3 1 3 2 5 2 2
535697020 1 1 1 1 1 1 1 1 1 1 1 1 1 5 1 4 6 5 2 2 2 4 1 6 6 5 2 2 1 6 1 5 6 6 1 1
535707010 6 6 6 6 5 6 6 5 1 5 5 1 6 3 6 1 6 1 6 6 6 5 5 4 1 5 1 5 6 6 6 1 1 2 5 5
535829010 1 1 3 3 1 1 1 1 1 1 1 1 2 3 3 3 3 4 4 4 1 6 1 4 5 5 1 1 1 3 1 1 2 4 1 1
535853020 1 1 1 1 1 1 1 1 6 1 1 1 5 6 1 5 5 5 4 3 1 1 6 1 5 1 4 4 1 2 1 2 3 2 6 3
535865010 2 2 3 1 1 1 1 1 2 2 2 1 4 4 1 4 4 5 2 4 2 5 2 4 5 5 3 4 4 3 3 2 2 2 2 2
535865020 3 2 2 2 2 1 2 1 1 1 1 1 2 5 1 4 4 4 3 3 2 4 1 4 4 4 2 2 2 5 1 5 5 6 2 4
535877020 4 5 4 4 3 3 3 3 2 3 3 3 4 4 3 2 2 5 4 4 4 3 4 3 3 5 5 4 4 4 3 3 3 5 3 4
535945010 1 1 2 1 1 1 1 1 1 1 1 1 1 6 1 4 6 6 1 1 1 6 1 5 5 6 1 1 1 6 1 5 5 6 1 1
535970010 3 3 3 3 3 1 2 2 3 2 3 3 1 6 1 5 5 5 2 3 2 2 1 3 4 2 3 5 5 5 1 5 4 4 3 4
535970011 6 5 6 4 2 2 1 1 3 3 3 2 4 4 4 1 1 2 5 6 4 3 3 2 2 2 6 4 3 2 4 2 2 3 5 5
536123010 1 1 1 1 1 1 1 1 1 1 1 1 2 6 1 5 4 6 1 1 1 6 1 6 4 6 1 2 1 6 1 6 5 6 6 6
536123020 1 1 1 1 2 1 1 1 1 1 1 1 3 3 3 3 5 5 4 4 1 6 4 6 6 6 1 4 4 2 5 5 6 6 4 3
536394010 1 1 1 1 1 1 1 1 1 1 1 1 1 3 4 5 5 5 4 2 1 3 4 5 5 5 1 1 1 6 5 6 6 6 2 5
536487010 6 6 5 4 6 6 6 6 6 5 6 5 4 4 2 1 3 1 6 6 4 6 1 1 1 1 5 6 4 3 2 1 1 3 6 6
536605010 1 1 2 1 2 1 2 1 3 3 3 2 1 6 1 6 3 5 1 2 1 6 1 6 3 6 1 1 1 6 1 3 5 5 1 1
536605020 6 1 1 1 1 1 1 1 1 1 1 1 4 3 1 6 6 6 1 1 3 3 1 6 6 6 1 1 3 3 1 6 5 6 1 1
536646010 2 1 2 2 2 3 2 3 2 2 2 2 1 2 1 6 5 5 3 5 2 5 3 5 5 5 4 6 2 3 2 5 5 4 3 6
536657010 4 4 4 4 4 3 2 1 2 5 5 2 1 6 6 5 2 5 1 1 2 5 1 3 4 6 5 2 5 5 1 4 5 6 5 2
536665010 1 1 1 1 2 1 3 1 1 1 1 1 1 5 1 6 6 6 1 1 1 5 1 4 6 6 1 1 3 3 1 5 6 6 1 1
536800010 1 1 1 1 2 2 1 1 6 1 1 1 5 6 2 6 5 6 5 5 5 5 1 6 5 5 5 5 5 5 2 5 5 5 2 4
536800020 2 2 2 1 1 1 1 1 1 1 1 1 5 4 4 2 2 5 4 6 4 2 4 2 4 4 3 5 5 2 1 5 2 5 5 5
536806010 1 1 1 1 1 1 1 1 1 1 1 1 4 5 1 4 3 3 4 3 1 6 1 5 5 5 4 1 1 5 1 5 4 5 4 1
536806020 1 1 1 1 1 1 1 1 1 1 1 1 1 1 1 6 6 6 1 1 1 6 1 5 4 3 5 1 1 6 1 6 6 6 1 1
536817010 6 6 6 6 5 5 5 5 3 3 3 3 1 1 1 1 1 6 1 5 1 6 1 1 5 6 6 5 1 4 1 4 4 4 1 1
536827020 3 3 3 3 4 3 3 3 2 3 3 2 4 5 2 2 3 3 3 4 3 4 2 2 3 3 2 2 3 4 2 3 3 4 3 3
537141010 1 1 1 1 6 5 6 5 5 6 6 5 5 6 1 6 6 6 1 1 6 6 5 6 6 6 5 6 6 6 6 6 5 6 6 5
537171010 3 1 2 1 3 1 2 1 4 2 2 1 4 2 4 2 4 3 4 5 5 3 4 2 2 5 2 5 6 4 4 2 3 4 4 5
537171020 1 1 1 1 4 3 2 1 1 1 1 1 5 2 1 3 6 6 5 5 2 4 2 2 4 4 4 3 3 4 2 5 6 5 3 2
537251010 4 4 5 4 2 1 1 1 4 4 4 4 5 3 1 1 1 4 3 3 1 3 1 6 6 6 1 1 6 3 2 2 2 1 2 6
537263010 6 5 1 3 6 1 1 1 1 1 1 1 6 5 1 5 2 2 6 6 5 1 2 5 5 2 5 6 5 5 4 1 5 5 5 6
537263020 1 1 1 1 1 1 1 1 1 1 1 1 5 3 4 4 4 2 4 4 4 5 1 6 6 5 5 4 1 3 4 6 6 5 5 5
537267010 3 3 3 3 5 6 6 4 5 6 6 4 4 3 3 3 3 3 3 4 5 2 3 2 2 2 5 5 5 2 5 1 1 1 6 6
537295010 6 5 5 5 2 1 1 1 1 1 1 1 6 5 4 6 4 6 5 5 3 2 2 1 1 1 1 1 2 2 2 1 1 1 1 1
537437020 1 1 1 1 6 6 5 5 5 5 6 6 3 6 5 6 6 6 4 1 1 6 1 1 1 2 2 2 1 5 1 2 2 6 3 3
537558010 1 1 1 1 1 1 1 1 1 1 1 1 1 2 2 4 4 4 3 3 3 4 3 5 5 5 4 4 1 4 3 4 4 4 2 2
537558020 1 1 1 1 1 6 1 1 1 1 1 1 1 1 1 1 1 1 1 4 5 6 1 5 6 6 1 5 5 5 5 6 6 6 5 5
537626010 2 2 1 1 1 1 2 3 1 5 3 3 1 5 1 6 6 6 1 1 1 5 1 6 5 6 1 1 4 6 1 6 5 6 1 1
537626020 2 2 2 2 1 1 2 1 4 1 2 2 1 4 1 6 6 6 2 2 2 2 2 3 2 4 4 4 5 4 1 6 5 5 2 4
900089010 2 1 1 2 2 2 2 2 2 1 1 1 1 5 1 5 5 6 2 4 1 6 1 5 5 5 1 1 1 6 1 5 5 5 2 4
900158020 4 4 4 4 2 2 2 2 2 1 2 2 2 4 5 4 4 4 4 4 3 3 2 5 4 3 4 4 5 4 4 5 5 5 5 6
900182010 4 5 6 6 4 3 6 4 6 4 5 5 4 3 3 4 5 6 4 5 3 3 2 5 4 6 5 6 3 3 3 4 4 4 4 4
900348020 2 2 3 2 2 4 3 1 3 2 3 2 3 3 4 4 4 4 3 4 4 3 4 3 4 3 3 3 4 3 4 3 3 2 4 4
900382010 1 1 1 1 1 1 1 1 1 1 1 1 4 3 1 1 3 3 4 6 1 3 1 5 4 4 3 4 3 6 1 6 6 6 1 5
900405010 6 1 1 1 1 1 1 1 1 1 1 1 2 6 6 6 6 6 5 4 6 4 1 5 6 5 3 3 2 4 1 6 6 6 5 2
900405020 2 1 2 1 2 1 1 1 3 1 1 1 4 3 2 3 5 3 4 5 2 4 1 5 6 6 5 4 6 1 4 1 2 3 6 6
900519010 1 6 1 1 2 1 1 1 1 1 1 1 5 5 5 2 4 4 5 3 4 4 4 1 5 4 3 5 3 3 3 1 5 4 6 4
900530010 2 1 1 2 3 5 3 3 4 4 2 2 3 6 3 2 5 5 6 3 1 2 1 6 6 6 6 5 1 4 2 2 4 6 4 3
900553010 3 3 3 2 3 1 2 1 2 1 1 1 2 5 2 3 4 5 2 4 2 5 2 5 4 5 2 3 2 5 2 5 5 5 2 2
900571020 1 1 2 1 1 1 1 1 2 1 1 1 2 4 1 6 6 6 2 2 3 3 1 5 6 5 3 3 2 5 1 6 5 5 2 1
900624020 1 4 2 1 1 1 2 1 1 5 2 1 5 5 2 3 5 5 4 4 6 2 5 2 5 6 5 2 6 6 5 5 6 6 6 3
900638020 4 1 3 2 2 5 5 3 3 3 3 1 4 5 5 1 3 5 6 6 4 5 4 2 1 4 3 4 3 2 3 3 4 4 3 4
900668010 1 1 2 1 1 3 4 2 2 2 2 2 3 6 1 2 5 6 1 5 4 6 1 5 5 6 1 1 3 6 1 3 4 6 1 1
900701010 1 1 1 1 2 2 2 2 2 1 1 1 3 2 1 6 3 5 4 2 4 2 1 4 4 5 4 4 3 5 1 5 4 4 4 3
900707010 1 5 5 5 5 4 4 4 4 5 4 5 6 4 6 1 1 6 6 5 5 5 4 4 5 4 5 4 5 4 4 4 4 4 5 5
900707020 6 5 6 5 5 5 5 5 5 4 4 4 6 5 2 1 5 5 5 5 5 5 1 5 5 5 5 5 5 5 4 5 5 5 5 5
900939020 2 2 2 2 4 3 4 2 2 4 4 3 4 3 1 3 3 3 4 2 5 2 2 1 1 3 4 5 3 3 1 3 3 4 4 4
900962010 1 1 4 2 4 1 4 1 2 1 1 1 2 3 1 6 6 5 4 4 3 3 1 5 6 4 4 3 4 3 1 2 5 6 5 4
901049010 5 4 4 3 5 4 4 4 4 3 4 3 4 2 3 3 1 1 4 4 5 3 5 3 3 3 4 4 4 3 3 3 3 3 4 4
901049020 4 3 4 4 5 5 4 3 3 4 4 4 4 3 4 3 3 3 4 4 4 5 3 4 5 5 4 5 4 2 4 2 1 2 4 4
901206010 1 1 1 1 1 1 2 1 1 1 1 1 1 3 1 6 6 6 2 1 1 2 1 5 6 6 2 3 3 4 3 4 4 4 4 3
901402020 1 1 1 1 2 1 1 1 1 2 1 1 4 5 1 2 4 6 2 1 5 2 1 5 5 6 3 4 3 2 1 4 4 5 5 5
901438010 5 1 1 1 5 1 5 1 5 1 1 1 5 6 1 6 6 5 6 1 4 5 1 6 6 6 1 5 4 3 1 6 4 6 1 2
901438020 5 2 4 1 5 1 2 4 4 3 4 4 4 5 2 2 4 3 2 4 4 6 3 3 5 4 1 5 1 6 1 4 5 5 1 2
901529020 3 5 5 6 2 1 3 3 2 3 2 3 5 4 3 1 2 4 4 2 4 5 1 1 6 6 5 4 5 5 2 4 5 5 4 4
901625010 6 4 4 4 6 3 6 4 6 3 6 6 4 5 4 1 2 2 5 5 4 4 4 4 3 4 5 5 6 3 6 2 2 2 6 6
901697010 1 1 1 5 6 5 1 2 5 4 2 6 4 6 1 5 4 4 6 6 6 4 1 5 4 5 6 4 6 6 4 5 6 4 5 3
901982010 6 1 1 1 1 1 1 1 1 4 3 1 1 5 1 5 4 5 2 4 5 4 1 5 5 6 1 1 4 5 1 6 4 5 1 4
902256010 1 1 6 1 1 1 1 1 1 1 1 1 1 6 1 5 4 6 4 1 2 6 1 5 4 5 3 1 2 5 3 2 2 4 5 5
902370010 1 1 1 1 2 1 2 1 1 1 2 1 2 5 1 2 5 5 3 3 1 5 1 5 5 5 2 2 2 4 2 2 5 5 3 4
902370020 6 1 2 1 6 1 1 1 3 2 3 2 1 6 1 6 3 5 4 4 1 5 1 6 6 6 4 1 1 2 1 6 5 6 5 4
902406010 3 3 4 2 4 4 4 3 2 1 2 1 4 3 1 2 3 3 4 6 5 2 5 1 1 2 4 6 2 5 1 2 2 2 3 5
902646020 1 1 1 1 1 2 1 1 1 1 2 1 4 5 3 5 4 6 3 3 1 6 1 6 6 6 1 5 4 5 2 5 3 4 4 4
902705010 1 1 2 1 2 2 2 1 1 1 1 1 1 2 1 1 5 5 1 1 2 4 1 5 2 3 1 3 1 2 1 6 2 6 1 1
903053010 1 1 1 1 1 1 1 1 1 1 3 1 2 4 1 5 5 6 2 5 1 4 1 5 6 6 4 4 2 3 1 5 4 5 6 5
903053020 2 2 4 3 6 4 6 6 3 2 2 2 4 4 3 4 5 5 4 3 4 4 5 1 3 2 4 4 2 3 4 4 4 3 4 4
903082010 2 1 6 5 3 3 5 2 5 2 5 2 4 1 4 1 1 1 3 3 4 2 4 2 1 1 3 3 3 2 2 1 2 2 1 2
903085010 1 2 1 6 2 1 3 1 4 1 2 1 2 4 1 4 3 4 3 4 4 6 3 1 3 3 2 1 3 4 1 1 4 4 5 1
903137010 4 2 4 3 2 1 1 1 5 5 5 5 4 5 2 5 4 2 5 4 1 1 4 5 5 5 6 6 4 3 5 1 1 2 6 6
903218010 1 1 1 1 1 1 1 1 1 1 1 1 2 6 1 5 4 5 1 3 2 6 1 3 5 5 1 3 1 5 1 5 5 5 1 4
903428020 4 2 3 3 3 3 3 3 3 1 1 1 5 3 4 4 4 3 4 5 6 3 4 5 5 4 4 4 6 3 3 2 2 3 4 4
903515010 4 3 1 1 3 1 2 1 3 3 3 2 4 5 2 2 1 4 3 2 5 5 1 3 2 5 1 4 2 3 1 4 3 5 3 4
903930010 1 1 2 1 3 1 2 1 1 1 2 1 2 6 1 5 5 6 2 4 2 6 1 6 6 6 1 2 4 6 1 5 5 5 4 2
903930020 1 1 1 1 1 1 1 1 1 1 1 1 1 6 1 6 6 6 1 1 1 6 1 6 6 6 1 1 1 6 1 6 6 6 1 1
903992020 1 1 1 1 1 1 1 1 3 1 1 1 1 5 1 5 5 6 1 1 1 5 1 6 5 6 1 1 1 5 1 4 4 6 1 1
904032020 6 6 5 4 4 4 3 4 5 2 5 1 4 3 3 6 5 3 5 5 4 3 4 3 3 4 4 4 5 5 2 2 2 5 2 3
904047010 1 1 1 1 6 5 4 1 6 2 4 3 2 6 1 6 6 6 1 4 4 6 1 5 4 6 1 1 4 6 1 3 4 5 1 2
904080010 2 2 2 1 2 2 2 2 4 2 2 2 4 6 1 4 5 5 4 2 3 5 2 2 5 5 3 4 2 2 1 2 2 2 3 3
904400020 2 1 1 1 1 1 2 2 3 1 2 1 2 2 1 6 6 6 4 1 2 5 2 5 5 5 2 3 2 4 2 5 5 6 2 2
904442010 6 4 6 6 4 4 4 4 5 2 4 4 4 3 5 3 1 2 4 6 1 1 1 4 6 6 4 1 4 4 1 4 4 4 4 4
904539010 2 2 2 1 4 2 2 1 3 1 1 1 2 2 1 6 3 6 1 1 1 6 1 5 6 6 5 1 1 5 1 6 6 6 5 1
904646010 2 1 5 3 1 1 4 4 1 2 1 3 1 5 1 2 4 5 5 5 2 4 1 2 2 4 1 1 2 2 1 4 5 5 4 4
904941010 5 1 2 1 6 4 6 6 6 2 2 2 2 6 1 5 2 5 3 3 5 6 1 2 3 5 6 6 2 2 1 1 2 4 4 4
904941020 5 4 4 1 2 5 5 3 5 4 6 5 4 5 1 3 6 6 2 1 4 5 2 4 5 6 5 5 5 5 3 4 6 6 4 3
904999010 4 4 4 2 1 6 2 6 5 1 3 1 3 4 5 1 3 5 1 4 1 1 4 1 3 6 6 4 6 6 6 6 4 1 4 2
905087010 5 1 1 1 2 1 1 1 1 1 5 1 1 2 1 4 4 4 1 6 2 4 4 5 5 5 2 4 5 4 1 5 4 5 2 6
905087020 3 3 3 3 4 4 4 4 4 3 2 2 3 5 2 3 3 4 2 4 3 5 1 4 3 4 3 4 5 5 2 5 4 5 2 4
905089010 5 5 5 5 6 4 6 6 5 3 5 6 6 6 1 6 5 6 6 5 6 6 1 6 6 6 6 6 5 6 5 6 6 6 5 6
905157020 3 2 3 2 3 3 3 3 2 2 3 3 4 1 3 4 3 3 3 5 4 3 3 2 3 3 4 4 4 4 3 2 2 3 3 4
905241010 6 1 1 1 1 1 1 1 1 1 1 1 1 6 1 2 5 5 2 2 3 3 2 3 3 5 1 1 1 5 1 2 5 5 2 5
905241011 6 1 1 1 3 3 3 3 2 5 1 3 1 6 1 1 6 6 1 1 6 6 6 6 6 6 6 6 6 6 6 6 6 6 6 6
905327010 1 1 1 1 1 1 1 1 1 1 1 1 5 5 1 5 4 6 5 4 5 3 1 3 4 5 4 6 5 5 3 3 5 5 5 5
905349020 4 3 3 3 3 5 5 5 2 5 6 5 3 5 3 3 4 4 3 4 4 4 5 3 3 2 2 5 5 4 5 1 1 1 5 5
905363010 1 1 1 1 1 1 1 1 1 1 1 1 1 5 1 5 6 5 6 5 1 5 1 4 5 5 1 4 4 3 1 3 5 5 2 4
905363020 1 1 1 1 1 1 1 1 1 1 1 1 1 6 1 6 6 6 1 1 1 1 1 1 1 1 1 1 1 1 1 1 2 1 1 1
905617010 1 1 1 1 5 1 1 1 1 1 1 1 1 6 1 6 6 5 1 1 1 1 1 1 5 6 1 5 1 6 2 6 5 5 1 1
905712010 1 1 1 1 5 2 2 2 5 1 2 5 5 5 2 5 5 6 5 2 4 6 1 6 6 6 1 2 4 6 1 5 5 5 2 1
905779010 2 1 2 2 2 1 1 1 3 2 2 2 2 4 2 4 2 2 2 2 1 3 1 5 4 5 3 6 3 3 2 3 2 4 3 5
905835010 1 2 1 1 1 1 1 1 1 1 1 1 1 2 1 6 6 6 6 6 5 5 1 5 5 6 4 5 2 2 1 2 1 1 1 1
905898020 1 3 3 3 1 1 2 1 1 1 1 1 3 2 4 1 6 2 3 2 2 2 5 4 6 6 4 4 3 1 4 1 6 6 6 6
905990010 3 1 1 1 1 1 1 1 3 2 1 1 5 4 3 3 5 4 4 6 6 5 1 3 6 4 6 4 3 5 1 4 6 6 2 1
906047010 3 1 2 3 3 1 1 1 1 1 1 1 1 5 1 5 6 6 1 1 3 6 1 1 6 6 1 4 1 5 1 6 6 6 5 6
906047020 5 1 1 1 1 1 1 1 6 1 1 1 1 6 1 6 6 6 1 1 1 5 1 6 6 6 2 1 4 4 4 4 3 4 4 4
906069010 1 1 1 1 2 2 2 2 1 1 1 1 4 5 2 6 6 6 5 4 4 4 2 4 5 5 5 2 5 3 3 5 5 5 5 4
906069020 1 1 1 1 1 1 1 1 5 1 2 1 1 1 1 6 6 6 1 1 2 5 1 6 5 6 4 4 2 3 1 5 5 5 5 4
906335010 2 4 3 2 3 6 5 6 1 1 1 1 2 6 1 3 3 5 4 4 4 4 1 4 5 5 5 2 1 6 1 5 6 6 4 4
906360010 1 1 1 1 3 2 3 3 3 3 3 2 5 4 2 5 5 5 2 4 4 3 2 5 3 5 5 5 4 4 1 4 4 4 3 2
906368010 1 1 1 1 1 1 1 1 1 1 1 1 1 4 1 6 6 6 1 1 1 6 1 6 6 6 1 1 1 6 1 5 6 6 1 1
906381010 6 5 5 1 2 4 2 1 3 3 3 3 4 4 3 1 1 1 1 1 1 4 1 1 2 1 1 1 3 2 3 2 3 3 3 3
906486010 3 3 3 3 1 1 1 1 4 1 3 2 1 6 1 4 4 5 1 3 1 3 1 6 3 3 1 1 1 5 1 4 3 5 1 1
906558010 2 2 3 2 4 4 4 4 4 4 3 2 5 6 2 5 3 3 4 4 4 5 4 4 3 5 5 5 4 6 1 6 4 5 4 3
906770020 2 2 2 2 1 1 1 1 4 3 3 3 2 5 2 5 3 5 3 1 3 6 2 5 4 5 5 2 3 4 3 1 2 3 4 3
906817010 3 3 4 3 1 1 1 1 2 4 3 2 5 4 1 2 3 2 3 4 4 5 1 3 4 5 2 3 4 3 1 4 4 4 2 4
907065010 1 1 1 1 3 1 1 1 6 3 3 1 4 3 1 6 6 5 5 6 4 6 1 6 3 3 4 2 4 3 2 3 3 6 6 6
907098010 1 2 2 2 5 2 3 4 1 3 3 2 2 3 1 4 5 4 3 4 5 1 1 1 1 2 2 5 5 2 2 1 3 2 5 5
907105010 4 4 4 4 4 2 4 2 4 2 4 4 5 3 3 4 2 2 4 4 3 3 2 4 4 4 4 3 4 2 4 3 2 3 4 4
907105020 2 1 2 2 2 1 1 1 4 1 1 1 4 2 2 6 4 3 3 4 2 3 1 3 4 4 2 3 4 2 3 2 3 3 3 5
907141020 1 1 1 1 3 2 2 2 6 4 4 4 1 2 2 6 6 6 1 2 1 2 1 1 1 1 1 1 5 5 5 5 4 4 4 4
907226010 1 1 1 1 2 1 1 1 2 1 1 1 3 2 1 4 3 3 3 4 4 4 4 5 4 4 5 5 4 5 3 5 4 4 4 4
907234010 2 3 3 3 1 1 1 1 1 1 1 1 4 5 2 4 2 5 2 5 6 2 5 3 2 5 6 6 1 5 1 4 5 5 2 3
907278010 1 1 1 1 1 3 1 1 1 1 1 1 1 6 1 6 6 6 2 2 1 6 1 6 6 6 5 5 1 5 1 5 6 6 4 3
907453020 3 2 1 1 3 1 1 1 2 2 2 1 1 5 1 2 6 6 3 4 4 5 1 4 4 4 4 4 4 4 2 2 2 4 4 5
907520010 1 1 2 1 5 1 3 1 1 1 1 1 3 4 2 3 4 4 5 6 2 1 1 5 3 5 4 4 1 5 1 5 5 5 5 4
907630010 3 4 5 1 1 1 1 1 6 1 1 1 5 5 1 5 6 6 5 4 1 5 1 6 6 6 3 4 4 3 1 6 4 5 5 6
907740010 1 1 2 1 2 1 2 1 2 1 2 1 2 5 1 5 4 5 3 4 2 5 1 3 3 3 3 3 3 4 5 3 4 5 4 3
907740020 1 1 1 1 5 2 4 2 1 1 1 1 5 5 3 3 3 6 6 6 4 4 4 4 5 5 3 3 4 6 2 2 5 5 5 5
907742010 5 5 5 5 6 6 1 1 1 1 1 1 2 5 2 5 5 6 6 6 1 2 1 2 2 4 1 1 1 1 1 1 1 1 1 1
907828010 6 5 5 5 4 2 4 2 4 1 3 4 4 3 2 5 5 5 3 4 3 5 3 4 5 4 4 3 3 2 3 4 3 3 4 4
907834010 4 6 5 5 1 4 4 4 6 2 6 4 1 4 1 1 6 1 1 6 4 5 6 1 1 1 1 4 1 1 1 6 6 6 5 5
907910010 1 1 1 1 1 1 1 1 1 1 1 1 5 5 1 1 5 5 1 2 4 5 1 5 3 4 1 1 2 5 1 3 4 5 1 2
907910020 2 1 2 1 3 2 2 2 2 2 2 2 4 3 2 4 3 3 4 4 4 5 3 3 4 3 4 4 3 3 2 4 4 4 4 4
908039010 3 3 3 1 2 1 1 1 1 1 2 1 3 4 1 3 3 6 4 4 3 4 1 5 6 6 1 1 1 5 1 5 6 6 4 3
908090010 1 1 1 1 6 6 4 4 5 5 6 5 2 1 6 1 1 1 2 6 6 5 5 6 6 6 6 6 4 2 4 6 1 1 6 4
908118010 1 1 1 1 1 1 1 1 1 1 1 1 1 2 1 5 6 6 2 1 2 6 1 3 5 5 2 2 1 6 1 3 5 6 2 2
908142010 1 1 1 1 1 1 1 1 2 2 2 2 4 1 6 4 4 1 6 6 2 2 1 6 6 6 6 1 5 5 4 4 4 5 4 4
908191020 5 5 5 5 4 5 5 5 5 5 5 5 4 5 4 5 5 6 5 5 5 5 4 4 5 6 5 5 5 5 5 5 5 5 5 5
908279010 3 2 3 3 2 2 2 2 5 2 1 1 5 3 4 2 3 4 3 4 3 2 3 2 3 2 4 4 5 2 2 2 3 4 3 4
908292010 1 3 1 1 1 1 1 1 1 1 1 1 1 6 1 6 6 6 3 1 2 4 1 5 6 6 3 1 3 3 1 6 6 6 4 2
908292020 5 2 1 1 1 1 3 1 1 1 1 1 5 6 1 6 6 6 2 5 3 4 2 6 6 6 5 3 1 3 1 6 6 6 4 4
908313020 5 6 5 5 6 6 6 5 5 4 4 4 5 6 4 6 4 5 5 5 1 1 1 1 5 5 5 5 4 4 4 4 4 4 4 4
908356010 1 2 1 1 2 1 1 2 2 1 1 1 4 4 1 3 4 3 4 4 1 5 1 5 5 5 5 6 4 2 2 3 3 3 4 5
908622010 1 1 1 1 3 3 4 2 2 2 5 3 5 3 4 1 3 5 3 5 5 3 4 1 1 2 4 4 5 3 4 1 4 4 5 3
908694010 1 1 1 1 1 1 1 1 6 1 1 1 1 3 1 6 4 3 5 5 1 5 1 2 4 4 4 4 4 2 1 3 2 5 4 2
908694020 1 1 1 1 1 1 1 1 1 1 1 1 3 6 1 6 5 5 1 5 3 1 1 4 6 6 1 1 1 6 1 6 6 6 1 1
908842010 2 1 4 2 2 3 3 2 1 1 3 1 2 6 1 3 4 1 1 5 4 3 4 1 1 1 5 6 5 6 3 4 3 6 1 5
908880010 3 3 3 1 3 3 3 3 1 1 1 1 5 5 1 1 2 2 3 3 6 6 3 3 3 4 3 3 2 6 2 2 6 5 3 6
909171010 5 1 1 1 2 1 1 1 3 3 2 2 5 4 4 6 5 4 4 4 5 6 1 5 5 2 4 6 5 5 5 5 4 4 4 4
909171020 2 1 2 2 1 1 1 1 4 2 1 1 2 5 2 6 5 5 2 4 4 5 1 6 6 5 4 6 5 4 1 5 6 5 3 6
909197020 3 3 3 1 2 2 2 2 2 2 5 2 4 4 3 4 4 4 3 4 3 4 3 4 4 4 3 4 5 5 2 5 4 5 3 2
909390010 5 6 6 6 6 6 6 6 6 3 6 6 6 4 5 1 1 6 6 6 6 6 1 4 3 4 3 4 5 4 1 1 6 6 2 4
909557020 4 2 4 2 4 1 3 1 5 5 3 1 2 5 1 5 5 4 2 2 4 6 1 4 5 5 2 3 4 4 1 4 4 4 4 5
909598020 1 1 1 1 1 1 1 1 3 1 1 1 1 6 1 1 6 6 5 3 1 5 1 6 6 6 4 4 1 1 1 5 6 5 5 3
909729010 4 4 4 4 4 4 4 4 1 3 2 2 5 1 4 1 1 6 6 6 5 1 5 1 1 1 6 6 5 3 2 2 2 2 4 4
909798010 3 3 4 3 1 2 2 3 1 1 2 2 2 3 2 2 4 4 2 1 4 2 2 3 4 5 5 3 5 3 2 5 2 5 2 2
909798020 2 5 5 2 5 2 4 3 2 1 2 1 4 1 4 1 3 3 4 3 4 3 3 4 3 3 3 3 2 2 4 5 5 5 4 4
909937020 3 2 2 2 3 3 3 2 2 2 2 2 3 2 2 5 3 4 4 3 2 4 3 2 3 5 4 3 3 4 2 4 4 4 3 3
909976010 1 1 1 1 1 1 1 1 1 1 1 1 1 5 1 2 6 6 1 1 4 4 1 3 3 1 3 3 2 5 1 5 6 6 3 2
910143010 1 1 1 1 1 1 1 1 1 6 4 1 4 5 1 6 6 6 1 1 5 5 1 5 5 6 4 4 5 3 1 4 2 6 5 4
910278020 2 1 2 2 2 1 2 2 2 1 2 3 3 4 1 3 3 5 6 4 3 2 1 4 4 2 2 4 4 2 1 5 3 2 5 4
910491010 2 4 2 3 1 1 1 1 1 2 1 1 3 2 1 2 5 4 2 5 5 2 3 2 5 2 5 6 5 1 1 4 6 5 2 6
910491020 2 1 6 1 1 1 1 1 4 1 1 1 5 2 1 1 1 1 5 6 5 5 2 2 2 5 5 6 2 5 1 1 3 6 4 4
910607010 5 4 4 4 2 2 2 2 4 4 3 1 5 5 3 5 5 5 5 5 2 5 3 5 5 5 5 4 3 4 4 4 4 4 5 4
910776010 1 1 1 1 1 1 1 1 1 3 3 4 1 1 6 1 1 1 2 5 1 5 1 2 6 5 2 2 5 2 3 1 6 4 4 4
910776020 1 1 2 1 3 2 3 3 2 1 2 1 3 4 1 4 5 3 2 4 4 3 2 2 4 3 3 4 4 4 1 5 5 4 2 4
910797011 3 4 5 3 3 2 3 3 3 2 4 3 4 3 4 2 4 4 5 5 5 3 4 2 4 4 5 5 5 2 4 2 2 4 5 5
910811010 1 1 1 1 1 1 1 1 1 1 1 1 1 1 1 6 6 6 2 5 1 3 1 1 2 1 1 3 1 5 1 6 6 6 1 6
910817010 6 6 6 1 5 5 6 5 5 1 1 6 1 6 6 6 1 1 1 1 1 6 1 6 6 6 6 6 6 4 6 1 1 6 6 6
910817020 6 6 6 1 6 6 6 5 1 6 6 1 6 1 6 1 1 1 1 6 6 6 1 6 6 6 6 1 3 6 6 6 5 5 6 6
911024010 1 1 1 1 1 1 1 1 1 1 2 2 1 1 1 6 6 6 1 2 5 4 3 6 5 6 2 5 5 1 5 6 2 5 5 5
911029020 1 2 1 2 5 4 4 5 1 1 2 5 1 6 6 6 6 6 6 6 1 4 2 4 4 4 4 5 2 1 2 1 3 2 1 3
911069010 2 2 1 1 1 1 2 1 5 5 5 1 6 5 5 5 6 5 6 6 5 3 5 2 2 6 6 5 6 5 5 5 6 6 6 6
911167020 5 3 5 1 1 2 2 1 3 1 1 2 4 3 4 1 5 4 1 1 1 1 1 1 3 4 1 3 3 4 3 2 3 4 3 2
911249010 5 3 4 1 4 4 4 1 1 3 4 3 4 5 5 5 5 5 5 6 4 5 1 3 4 6 1 4 4 3 3 1 1 2 1 1
911252010 1 2 1 1 1 1 1 1 1 1 1 1 2 5 1 5 6 6 2 2 1 6 1 6 6 6 1 1 1 6 1 5 6 6 1 1
911252020 5 2 3 1 3 2 2 1 3 2 4 2 2 5 1 5 5 6 1 4 3 4 1 6 4 6 2 2 3 3 2 4 3 6 3 4
911293020 1 1 1 1 2 1 1 1 1 1 1 1 1 5 1 5 5 5 2 3 2 5 1 5 5 5 5 5 2 5 1 5 5 5 2 2
911392010 1 4 3 3 2 2 1 1 1 4 1 1 3 1 4 1 6 5 4 1 3 5 4 2 6 4 4 4 4 2 5 1 5 5 6 4
911504020 3 1 1 1 4 1 2 2 1 1 2 1 4 4 1 3 6 4 5 2 4 4 2 2 5 5 4 4 4 5 1 6 5 5 2 4
911602010 5 5 4 3 6 5 3 1 5 3 3 1 5 5 1 1 1 1 5 5 4 2 1 1 2 1 3 4 3 1 1 1 3 1 5 4
911633010 4 2 4 2 1 2 2 2 1 2 1 1 3 3 4 3 3 3 2 2 2 3 4 4 4 3 4 4 4 3 2 4 3 3 4 4
911633020 1 1 1 1 1 1 1 1 1 5 2 1 5 5 6 5 3 5 5 5 5 6 5 5 5 6 5 1 5 3 4 2 2 2 5 4
911679010 2 5 2 1 4 3 5 6 6 1 1 5 5 2 2 2 2 2 2 2 2 5 5 5 2 2 2 5 5 6 5 5 3 6 5 5
911715020 3 3 3 4 3 1 2 3 3 1 2 1 3 4 1 6 5 5 4 4 3 5 2 5 5 6 5 4 2 5 2 4 5 5 2 3
911735020 1 1 1 1 6 1 3 2 3 5 2 2 5 2 5 5 3 2 1 5 5 2 6 1 2 1 6 6 6 1 5 1 1 2 1 1
911782010 4 2 3 1 2 1 3 1 5 3 3 2 3 1 2 6 6 6 4 2 5 5 2 6 6 6 4 4 4 5 4 3 5 4 4 4
911801010 3 6 6 1 1 1 1 1 2 1 1 1 4 6 4 6 4 6 3 3 3 4 2 5 4 5 4 4 3 5 2 4 3 6 6 2
911801020 1 1 1 1 1 1 1 1 2 1 1 1 2 6 2 5 4 5 4 4 5 4 1 6 6 6 3 1 5 6 5 4 5 5 5 5
911904010 1 1 1 1 1 1 1 1 1 2 2 2 2 5 1 4 4 5 2 1 1 4 1 5 4 5 1 1 2 5 1 5 5 6 1 1
911943010 4 6 5 1 4 6 6 3 6 1 4 1 3 5 1 4 3 1 6 2 2 1 3 4 5 5 3 1 1 4 1 3 2 5 6 4
911943020 1 3 2 3 1 3 3 6 6 1 4 1 2 3 1 1 1 2 3 4 1 2 3 2 3 2 4 1 1 4 1 6 5 6 1 3
912011010 1 1 2 1 1 1 2 1 1 1 1 1 4 3 1 5 3 3 4 3 3 3 1 6 4 3 3 3 3 4 1 6 5 5 3 4
912011020 1 1 1 1 2 1 1 1 1 1 1 1 1 6 1 6 6 6 1 1 1 6 1 6 6 6 1 1 1 6 1 6 6 6 1 1
912035010 3 1 4 3 2 4 4 3 1 1 1 1 3 4 1 3 3 4 4 2 2 4 1 5 4 4 4 4 1 6 1 6 5 5 4 1
912035020 3 1 4 3 2 1 1 1 1 3 2 1 3 4 1 3 3 4 3 2 3 3 2 4 4 4 4 3 4 1 1 3 3 5 5 5
912068010 2 2 2 2 5 5 5 5 4 5 5 5 6 1 6 1 6 1 1 6 5 5 5 5 5 5 5 5 4 5 1 2 2 2 2 2
912541010 3 5 5 2 1 1 1 1 1 4 1 1 1 5 1 6 4 6 2 4 3 5 1 5 4 5 1 4 1 5 1 6 5 6 1 2
912541020 1 1 1 1 1 1 1 1 1 1 1 1 1 5 1 5 5 6 5 1 1 5 1 5 5 6 1 1 2 5 1 5 2 5 5 1
912575010 4 3 3 3 1 1 1 1 4 4 4 3 3 4 2 3 4 4 3 2 1 6 1 6 6 6 1 1 3 5 3 4 4 4 2 2
912832010 1 1 1 1 1 1 1 1 1 2 1 1 4 4 1 6 4 5 4 3 4 3 1 6 3 5 1 2 4 3 2 6 2 5 2 4
912832020 1 1 1 1 1 3 1 1 1 1 1 1 4 4 1 4 5 5 1 5 4 3 1 5 3 5 1 5 4 3 1 6 5 5 2 1
912870010 6 1 1 1 4 4 3 3 2 2 2 3 4 1 4 4 4 4 5 4 4 4 5 3 4 4 4 4 4 4 4 4 4 4 4 4
912918010 1 1 1 1 1 1 1 1 1 1 1 1 1 6 1 1 5 6 1 1 2 6 1 6 6 6 2 4 3 5 1 6 6 6 1 5
913105010 4 2 1 2 2 2 2 3 6 3 3 3 2 4 1 5 6 6 5 4 2 3 3 6 3 3 3 4 4 2 5 4 1 4 3 5
913105020 2 3 1 1 1 5 1 2 5 4 6 4 5 4 6 3 4 5 4 4 2 5 1 5 4 5 4 5 2 5 4 3 3 6 4 3
913344010 3 3 3 3 6 6 2 2 6 6 4 1 6 6 1 4 4 4 4 4 6 6 6 2 5 5 5 5 1 6 1 5 6 6 1 4
913412010 6 6 5 1 1 2 5 1 4 6 5 1 6 2 5 6 1 5 1 1 6 1 5 1 1 6 6 6 6 5 5 2 6 6 6 5
913462010 4 3 5 3 3 2 3 2 4 4 5 3 5 6 2 2 2 2 2 2 6 1 5 1 1 1 6 6 4 2 4 2 3 2 6 6
913529010 1 1 1 1 3 1 2 1 1 1 1 1 1 6 1 6 5 5 1 5 4 5 1 5 6 6 1 4 3 5 1 6 6 6 5 2
913538010 2 2 2 2 6 6 6 6 2 1 1 1 6 1 1 2 2 1 6 6 6 6 6 1 1 1 6 6 1 6 1 5 5 6 3 4
913592010 2 5 5 2 2 3 2 3 5 2 2 1 5 5 1 1 5 2 2 2 3 5 1 5 4 5 1 2 2 5 1 5 5 5 5 5
913936010 3 1 3 1 3 1 2 2 1 1 1 2 1 2 1 4 4 4 2 3 1 2 1 2 6 2 2 5 5 5 4 6 5 5 5 5
913936020 2 1 2 2 4 4 4 3 2 3 5 2 5 5 2 5 5 5 3 3 1 6 4 2 5 5 1 3 3 6 1 2 2 4 2 5
913977020 1 1 1 1 1 1 1 1 1 1 1 1 5 5 5 5 5 6 4 6 4 4 4 3 4 5 5 6 4 6 3 4 4 4 4 4
914456010 2 1 1 2 6 6 6 6 6 5 6 6 6 1 6 6 6 6 6 6 6 5 1 6 6 6 6 3 6 6 5 6 1 6 6 6
914553010 4 4 4 2 2 2 3 3 6 5 5 5 4 3 5 4 4 4 5 4 5 4 4 4 4 4 4 4 6 1 5 6 5 5 5 5
914871011 3 3 3 1 2 4 3 1 3 3 3 3 3 4 3 1 4 6 1 4 4 4 5 3 4 6 3 4 3 6 4 4 4 6 5 6
915008010 3 3 3 3 3 3 4 2 2 2 2 3 3 4 2 6 4 5 3 4 2 3 6 6 6 6 4 5 2 4 1 6 6 6 6 3
915077010 1 1 1 1 1 1 1 1 1 1 1 1 2 6 1 6 6 6 1 1 2 5 1 6 6 6 1 1 2 6 1 6 6 6 1 4
915077020 1 1 1 1 1 1 1 1 1 1 1 1 4 4 1 5 4 5 4 4 5 4 1 5 4 5 3 4 5 2 2 3 4 5 5 5
915295010 3 3 4 3 3 2 3 3 4 4 4 4 4 3 4 3 3 4 4 5 4 2 2 2 2 4 4 6 6 2 4 4 3 4 4 4
915295020 4 1 1 5 4 4 4 6 6 3 4 4 5 1 6 5 1 5 5 5 6 3 6 3 3 4 5 6 4 3 5 4 3 4 6 6
915426020 1 1 1 1 2 2 3 3 3 5 4 3 1 4 1 5 4 4 3 3 3 4 3 4 4 5 4 4 4 3 5 4 3 3 4 4
915500010 3 2 2 1 2 2 1 1 2 5 4 4 5 5 5 6 6 5 5 5 5 5 3 6 5 5 4 5 5 4 6 5 5 4 5 6
915500020 1 1 1 1 1 1 1 1 1 4 3 1 4 2 2 5 5 6 5 1 5 3 5 6 5 5 5 3 6 5 3 6 6 6 6 5
915640010 1 1 3 3 1 1 1 1 4 1 1 1 2 3 3 3 5 5 4 3 5 4 1 5 5 6 5 4 4 4 4 3 4 4 4 3
915640020 1 1 1 1 1 1 1 1 1 1 1 1 1 2 1 1 6 6 2 1 1 3 1 5 6 5 2 4 1 1 1 2 5 5 4 5
915666010 4 4 4 4 6 6 6 6 5 4 3 2 4 4 4 4 3 3 4 4 3 5 4 4 3 4 4 5 4 4 1 4 4 4 4 4
915938010 1 1 2 2 2 2 2 3 2 1 2 1 4 6 1 5 5 5 2 2 5 4 5 2 3 5 6 5 2 5 2 6 5 5 5 5
915950020 1 1 1 1 1 1 1 1 1 1 1 1 4 3 1 2 2 2 4 4 5 6 1 4 4 6 6 5 4 3 3 6 5 6 6 6
915956010 6 5 5 5 5 2 1 1 4 3 4 4 1 5 6 1 1 1 1 1 4 4 1 1 1 1 1 2 6 5 1 1 1 5 1 6
916014010 2 1 1 1 1 1 1 1 1 1 1 1 2 3 1 2 5 6 2 3 1 5 1 5 6 6 2 2 2 5 1 5 4 6 2 1
916019010 1 1 1 1 1 1 1 1 1 2 4 1 3 1 1 5 4 4 4 4 4 6 1 4 1 1 4 6 2 5 1 2 5 5 4 2
916068010 5 2 1 1 3 5 2 2 2 2 2 2 3 3 6 4 4 5 4 4 4 3 2 6 6 6 3 5 1 5 1 2 2 5 2 2
916112010 1 1 1 1 1 1 1 1 1 1 1 1 1 6 1 6 6 6 1 1 1 6 1 6 6 6 1 1 1 6 1 6 6 6 1 1
916117010 1 1 1 1 1 1 1 1 2 1 2 2 1 5 1 6 6 6 1 1 5 5 1 5 5 5 2 4 5 4 3 4 4 4 4 4
916333020 4 4 4 4 3 1 1 1 2 2 2 2 4 4 4 3 4 4 4 4 3 3 4 4 4 4 5 5 2 5 3 4 5 4 3 3
916546010 1 6 1 1 6 6 6 6 6 6 6 6 6 6 6 6 6 6 6 1 6 6 1 6 6 6 6 6 6 6 1 6 6 6 5 6
916565010 2 3 2 2 2 2 1 1 1 1 1 1 2 5 1 4 5 5 2 2 5 5 1 2 3 3 2 3 5 6 1 2 5 5 5 4
916565020 1 1 1 1 1 1 1 1 1 1 1 1 1 6 1 4 6 6 1 6 1 5 1 5 6 6 5 4 1 2 1 5 5 5 4 4
916589010 5 5 5 5 3 4 4 4 5 3 3 3 6 1 2 1 1 1 6 6 4 4 1 4 3 1 3 2 5 2 3 2 2 1 6 6
916590010 1 1 1 1 2 1 2 1 1 1 1 1 3 4 1 5 4 4 1 4 1 5 1 6 4 5 1 1 1 5 1 6 6 5 1 1
916670010 4 5 5 5 6 5 5 4 6 6 5 5 6 2 1 1 1 3 6 6 6 5 3 1 1 6 5 6 2 2 1 5 2 6 1 1
916682020 2 1 1 1 3 2 1 1 5 1 1 1 3 4 2 6 6 6 3 3 2 5 2 6 6 5 4 5 3 2 2 5 4 4 4 3
916711010 5 2 1 1 1 1 1 1 1 1 1 1 1 3 1 2 5 5 4 1 2 5 1 3 4 4 3 5 2 5 4 3 3 4 4 3
916835020 5 5 5 5 3 4 2 2 4 4 4 4 5 5 5 2 2 5 6 5 4 2 5 2 2 5 5 4 5 6 4 1 3 5 5 4
916879010 3 3 3 3 6 4 3 3 3 2 3 3 3 4 3 4 4 4 3 4 3 4 3 5 5 5 3 3 3 4 3 5 5 6 4 3
916952010 1 1 1 1 1 1 1 1 1 1 1 1 4 3 1 3 4 2 2 4 3 4 1 3 3 5 2 4 3 3 1 5 4 5 3 4
917038010 3 3 4 1 4 3 3 3 2 3 3 2 5 5 1 4 3 4 3 4 4 3 1 4 3 4 3 4 4 5 3 4 3 4 5 4
917056020 2 2 2 1 1 1 1 1 6 1 1 1 1 6 1 3 6 6 1 6 4 6 1 3 6 6 1 1 2 4 1 1 1 1 6 6
917099010 1 1 2 1 1 1 1 1 5 1 1 1 1 6 1 5 5 5 4 2 1 6 1 6 6 6 3 2 1 6 1 6 5 6 3 1
917307010 5 5 3 5 4 2 2 2 3 5 5 2 5 3 3 5 3 5 5 3 5 3 3 5 4 5 5 2 5 4 2 1 2 2 4 2
917585020 1 1 1 1 2 1 2 2 1 6 1 3 6 6 1 5 6 6 1 1 5 3 1 5 4 5 5 4 3 6 1 5 5 6 1 1
917635010 2 2 2 2 1 1 1 1 1 1 1 3 4 1 1 2 5 5 1 4 1 2 1 1 1 2 1 2 2 6 1 5 6 6 1 5
917635020 3 1 2 1 2 1 2 1 1 1 2 1 3 4 1 3 2 4 4 4 3 5 2 5 4 4 2 4 4 6 1 3 3 5 3 4
917702010 1 1 1 1 1 1 1 1 6 1 1 1 6 5 1 2 2 1 6 6 1 2 1 6 6 6 1 6 1 4 1 6 6 6 3 1
917854020 1 1 1 1 1 6 1 1 2 1 1 1 4 6 1 6 6 6 1 1 2 6 1 2 6 6 5 2 4 5 1 4 4 5 4 4
917963010 2 1 1 1 1 2 1 1 2 2 2 1 4 4 2 5 2 5 3 4 3 5 2 4 4 5 3 4 3 4 2 4 4 5 4 3
918130010 4 3 4 4 5 5 5 5 5 1 1 1 4 4 3 3 4 3 3 4 4 4 4 4 4 4 4 4 3 3 3 6 6 6 2 3
918311010 4 1 6 4 6 1 2 1 4 4 3 1 1 4 3 6 2 5 5 6 4 1 2 6 2 3 6 6 6 3 1 5 1 1 6 5
918311020 2 4 4 4 5 4 6 6 5 4 4 5 4 2 6 6 6 6 6 5 5 1 6 2 1 1 6 6 4 1 1 1 1 1 6 6
918469010 1 1 1 1 1 1 1 1 1 1 1 1 1 5 1 5 6 5 2 2 1 5 1 6 5 5 4 4 4 4 1 4 5 4 4 4
918469020 1 1 1 1 1 1 1 1 1 1 1 1 4 4 3 4 4 4 3 3 1 6 1 6 5 5 2 4 2 3 1 5 4 5 1 2
918540010 2 2 3 1 5 5 5 5 2 5 3 2 4 4 1 3 5 5 3 3 4 6 1 5 5 6 2 5 4 5 1 3 6 6 1 3
918575020 5 5 5 4 2 4 4 4 3 3 3 3 5 5 5 5 5 5 5 5 4 2 6 6 4 5 4 5 1 5 5 5 5 5 5 3
918579020 4 4 4 1 1 1 3 3 4 4 5 5 5 5 3 3 3 3 4 4 3 4 3 4 1 1 1 1 5 5 5 6 6 6 5 6
918590010 4 2 3 3 3 4 4 4 5 3 4 4 5 4 2 5 2 2 5 4 4 3 4 4 3 3 4 4 5 4 4 4 2 3 4 6
918590020 4 4 3 3 3 1 3 2 2 2 2 1 5 3 3 5 2 4 4 6 5 4 2 4 3 2 3 6 2 2 1 6 5 2 5 5
918670010 3 2 2 2 2 3 2 2 2 2 2 2 3 4 1 6 4 5 1 2 4 5 2 4 5 5 2 3 2 4 1 4 4 4 2 3
918670020 2 1 3 2 2 1 2 2 2 1 2 2 5 3 2 3 4 5 2 5 5 3 3 3 3 4 3 4 5 3 3 5 4 2 3 3
918820010 1 1 1 1 6 1 1 1 1 1 6 1 1 6 1 6 6 6 1 1 1 6 1 6 6 6 1 1 1 6 1 6 6 6 1 1
918863020 2 2 2 2 1 1 2 2 1 1 3 1 3 3 1 5 4 4 2 3 3 2 1 5 3 4 1 4 3 4 1 5 4 5 3 3
918882010 3 2 2 1 2 2 2 1 1 1 2 1 5 5 1 3 2 5 4 4 2 3 2 3 4 5 2 3 2 5 1 3 4 5 5 3
918990010 5 5 5 6 4 2 4 1 6 6 6 6 5 1 1 1 1 2 6 6 4 5 2 2 2 4 4 4 6 6 6 6 6 6 6 6
919165010 2 1 1 1 3 1 1 1 5 3 3 3 3 6 1 5 5 6 1 1 6 6 1 5 4 6 1 1 3 6 3 4 5 6 1 6
919174020 1 1 1 1 1 1 1 1 1 1 1 1 1 6 1 6 3 6 6 3 1 1 1 1 5 6 1 1 1 5 1 6 5 6 1 6
919540010 2 1 2 1 1 1 1 1 2 1 1 1 2 6 3 5 4 6 1 5 1 6 1 4 4 6 1 5 2 6 1 3 3 5 1 4
919592010 3 6 1 1 3 6 6 3 1 6 6 6 6 1 1 6 6 5 4 4 3 1 6 3 2 4 1 4 6 6 6 6 6 6 6 6
919600020 1 1 2 3 2 3 2 1 1 1 1 1 4 5 3 5 5 6 3 2 4 5 2 5 5 4 2 2 4 6 1 6 6 6 1 1
920618010 1 1 4 1 1 1 1 1 1 1 1 1 5 3 3 3 3 3 2 5 5 5 2 2 4 4 1 4 4 4 1 3 4 3 1 2
920618020 2 1 1 1 1 1 1 1 1 1 1 1 1 6 1 5 5 6 1 3 4 6 1 5 4 5 1 2 2 5 1 5 5 5 2 2
920690010 5 2 5 3 6 6 4 4 3 2 5 6 2 4 3 6 5 5 6 3 5 4 5 6 4 6 5 4 5 4 4 5 4 5 6 6
923498010 1 1 1 1 5 1 1 1 1 1 1 1 1 6 1 2 6 6 6 6 1 6 1 1 6 6 5 5 1 6 1 6 6 6 5 1
